type,space,price,area_price,address,metro,time_to_metro,subtitle,date,source
1-к. квартира,42,6 191 653₽,147 070 ₽ за м²,,,,"1-комнатная квартира площадью 42.06 в ЖК «А101 Лаголово» на 13 этаже. Квартира без отделки. Вид из окна на улицу. Высота потолков 2.84 м.

Отделка.
Квартира передается без отделки. Благодаря тому, что в данном типе отделки стены не возводятся, вы сможете создать удобную планировку и самостоятельно организовать зонирование комнат.

Парадная.
В каждой парадной предусмотрены места для хранения велосипедов и колясок, гостевой санузел и удобная зона ожидания для гостей.

Дворы И Окружение.
Просторные...",,https://www.avito.ru/sankt-peterburg_krasnoye_selo/kvartiry/1-k._kvartira_421_m_1313_et._7976977241?context=H4sIAAAAAAAA_wE_AMD_YToyOntzOjEzOiJsb2NhbFByaW9yaXR5IjtiOjA7czoxOiJ4IjtzOjE2OiJqQUl0SHhENTVaQU9ZZUE2Ijt9IPMMnD8AAAA
1-к. квартира,41,12 428 804₽,302 404 ₽ за м²,,Купчино,16–20 мин.,"Просторная квартира 41.1 м² в ЖК «Антверпен» от Л1 у м. Купчино.
Предлагаем уютную и светлую однокомнатную квартиру 41.1 м² в современном жилом комплексе бизнес-класса «Антверпен» от застройщика L1. Дом расположен в престижном Фрунзенском районе, на пересечении Купчинской улицы и улицы Олега Дундича, всего 10 минут пешком от станции метро «Купчино» и 15 минут от «Дунайской».

Выгодное расположение:

— Быстрый выезд на Кад и Зсд — удобно для автомобилистов.

— Близость к ключевым транспортным арт...",,https://www.avito.ru/sankt-peterburg/kvartiry/1-k._kvartira_411_m_413_et._7504208266?context=H4sIAAAAAAAA_wE_AMD_YToyOntzOjEzOiJsb2NhbFByaW9yaXR5IjtiOjA7czoxOiJ4IjtzOjE2OiJqQUl0SHhENTVaQU9ZZUE2Ijt9IPMMnD8AAAA
1-к. апартаменты,48 м²,15 000 000₽,312 500 ₽ за м²,"Серебристый б-р, 18к1",Пионерская,11–15 мин.,"Пpoдaются двухуpовневые Апарtаmенtы c дизaйнepcкой oтдeлкoй в пpeмиальном комплексe «Serеbrо by Avenue-apаrt».

Oбщая площaдь: 48 м2 (нa плaне помeщeниe 101 H).

Плoщадь кухни-гоcтинoй: 26,8 м2.

Плoщaдь комнаты: 13,3 м2.

Плoщaдь c/у: 7,9 м2.

Выcота пoтoлков 4,6 м.

Апартамeнты c новым качeственным peмонтом!

Стaтус: Нeжилое помещение, Отдельный кадастровый номер, не доли!).

Преимущества:

- Роскошное лобби для приема гостей 145м3.

- Круглосуточный консъерж-сервис, сервис клининга, доставка ...",24 января 2024,https://www.avito.ru/sankt-peterburg/kvartiry/1-k._apartamenty_48_m_26_et._3644499619?context=H4sIAAAAAAAA_wE_AMD_YToyOntzOjEzOiJsb2NhbFByaW9yaXR5IjtiOjA7czoxOiJ4IjtzOjE2OiJqQUl0SHhENTVaQU9ZZUE2Ijt9IPMMnD8AAAA
1-к. апартаменты,35,6 793 990₽,191 380 ₽ за м²,,Улица Дыбенко,21–30 мин.,"Цена со скидкой до 30% в прямой продаже от застройщика — только в этом месяце. На апартаменты действует беспроцентная рассрочка. Роскошные виды на Неву. 1-к апартамент в комплексе класса бизнес-лайт Zoom на Неве на 9-м этаже. Общая площадь 35,5. Без отделки.

Zoom на Неве расположен в новом месте силы рядом с центром города на первой линии Октябрьской набережной в Невском районе, всего в 7 км от исторической части Санкт-Петербурга. Большой выбор эргономичных и максимально продуманных планировок ...",,https://www.avito.ru/sankt-peterburg/kvartiry/1-k._apartamenty_355_m_911_et._2487996133?context=H4sIAAAAAAAA_wE_AMD_YToyOntzOjEzOiJsb2NhbFByaW9yaXR5IjtiOjA7czoxOiJ4IjtzOjE2OiJqQUl0SHhENTVaQU9ZZUE2Ijt9IPMMnD8AAAA
1-к. квартира,34,18 552 520₽,536 200 ₽ за м²,"пр-т Лермонтовский, стр. 1",Балтийская,6–10 мин.,"Продаётся 1-комн. Квартира площадью 34.60 кв. М на 3 этаже 7 этажного дома (Корпус 1, секция 1) проекта ПИК Лермонтовский 54. Светлый просторный подъезд на уровне земли, функциональная планировка, большие окна, с отделкой.

«Лермонтовский 54» находится в центре Санкт-Петербурга на набережной Обводного канала, в 5 минутах пешком от метро «Балтийская». Здесь будут квартиры с окнами в пол, высокими потолками и террасами.

Жилой квартал находится в центре Санкт-Петербурга, в Адмиралтейском районе, н...",,https://www.avito.ru/sankt-peterburg/kvartiry/1-k._kvartira_346_m_37_et._7941883232?context=H4sIAAAAAAAA_wE_AMD_YToyOntzOjEzOiJsb2NhbFByaW9yaXR5IjtiOjA7czoxOiJ4IjtzOjE2OiJqQUl0SHhENTVaQU9ZZUE2Ijt9IPMMnD8AAAA
1-к. квартира,31,5 300 000₽,168 254 ₽ за м²,"пос. Шушары, Новгородский пр-т, 10",Купчино,от 31 мин.,"Продаётся уютная однокомнатная квартира в ЖК «Волна».

Светлая и просторная однокомнатная квартира с косметическим ремонтом — идеальный вариант для молодой семьи, студента или тех, кто ищет жильё для сдачи в аренду.

О квартире:
уютная комната;
функциональная кухня;
совмещённый санузел;
застеклённый балкон — дополнительное пространство для отдыха или хранения.

Дом построен в 2015 году по монолитной технологии — это гарантирует надёжность, хорошую звуко‑ и теплоизоляцию.

Преимущества жилого ком...",Вчера,https://www.avito.ru/sankt-peterburg/kvartiry/1-k._kvartira_315_m_1324_et._7939218797?context=H4sIAAAAAAAA_wE_AMD_YToyOntzOjEzOiJsb2NhbFByaW9yaXR5IjtiOjA7czoxOiJ4IjtzOjE2OiJqQUl0SHhENTVaQU9ZZUE2Ijt9IPMMnD8AAAA
Квартира-студия,27,12 437 568₽,457 264 ₽ за м²,,Петроградская,11–15 мин.,"Клубный квартал iD Petrogradskaya расположен в одном из самых престижных мест для жизни в Петербурге, между улицей профессора Попова и набережной реки Карповка.",,https://www.avito.ru/sankt-peterburg/kvartiry/kvartira-studiya_272_m_26_et._7506208550?context=H4sIAAAAAAAA_wE_AMD_YToyOntzOjEzOiJsb2NhbFByaW9yaXR5IjtiOjA7czoxOiJ4IjtzOjE2OiJqQUl0SHhENTVaQU9ZZUE2Ijt9IPMMnD8AAAA
2-к. апартаменты,110,22 924 520₽,206 900 ₽ за м²,"ш. Московское, д. 3, лит. 3",Звёздная,11–15 мин.,"Цена действует при 100% оплате и на определенные ипотечные программы.
Подробности — в отделе продаж по телефону.

Продаются 2-комнатные апартаменты с террасой в ЖК «Neоpark» на 2 этаже. Общая площадь cocтaвляет 110.80 кв. М. Апартаменты без отделки. Жилой комплeкc «Neоpark» располaгаeтся пo адpecу Mocкoвcкoe шоссe, д. 3, лит. З.

Формат апартаментов — это ваше выгодное приобретение!

Комплекс апартаментов Neopark ориентирован на клиентов, которые ценят комфортное проживание, удобную локацию и оп...",,https://www.avito.ru/sankt-peterburg/kvartiry/2-k._apartamenty_1108_m_212_et._7406820372?context=H4sIAAAAAAAA_wE_AMD_YToyOntzOjEzOiJsb2NhbFByaW9yaXR5IjtiOjA7czoxOiJ4IjtzOjE2OiJqQUl0SHhENTVaQU9ZZUE2Ijt9IPMMnD8AAAA
1-к. квартира,31,6 150 000₽,197 749 ₽ за м²,"ул. Софьи Ковалевской, 4",Академическая,6–10 мин.,"В продаже однокомнатная квартира возле Муринского парка.

Показ Квартиры С 28 Февраля.

О квартире:
Общая площадь 31,1 м2.
Жилая площадь 15,6 м2.
Потолки 2,7.
Окна выходят во двор.
Большая зона прихожей.
Раздельный с/у.

О локации:
Метро «Академическая » в 10 минутах пешком.
Муринский парк и сад Прометей в шаговой доступности.
Магазины, рестораны, кафе, фитнес центры, аптеки — в пешей доступности.

Один собственник, без обременений, полная стоимость в договоре.

Звоните, с радостью ответим на Ва...",1 неделю назад,https://www.avito.ru/sankt-peterburg/kvartiry/1-k._kvartira_311_m_29_et._7961401155?context=H4sIAAAAAAAA_wE_AMD_YToyOntzOjEzOiJsb2NhbFByaW9yaXR5IjtiOjA7czoxOiJ4IjtzOjE2OiJqQUl0SHhENTVaQU9ZZUE2Ijt9IPMMnD8AAAA
Квартира-студия,25 м²,6 560 000₽,262 400 ₽ за м²,"Галерная ул., 53",Василеостровская,16–20 мин.,"В продаже: Квартира — студия в сердце Петербурга: Ваш личный уголок для жизни или источник дохода под 13% годовых.

Уникальное пространство в историческом доме. Для тех, кто хочет жить в атмосфере старого города или получать стабильный пассивный доход.

Хотите узнать, сколько будет приносить Ваша будущая студия?

Напишите «Доход» в чат Авито, и мы вышлем вам полный расчет!

Идеально для жизни вас или вашего ребенка:

Для студента: Пешая доступность к ведущим вузам. Независимость и безопасность в...",3 дня назад,https://www.avito.ru/sankt-peterburg/kvartiry/kvartira-studiya_25_m_24_et._7991046405?context=H4sIAAAAAAAA_wE_AMD_YToyOntzOjEzOiJsb2NhbFByaW9yaXR5IjtiOjA7czoxOiJ4IjtzOjE2OiJqQUl0SHhENTVaQU9ZZUE2Ijt9IPMMnD8AAAA
Квартира-студия,23,4 014 529₽,170 107 ₽ за м²,,,,"Продажа просторной студии в ЖК ""Загляденье"" (Новоселье, Ломоносовский район)"".

Предлагаем студию площадью 23,56 м² с предчистовой отделкой. Все грязные работы уже выполнены — осталось только воплотить ваши дизайнерские идеи в жизнь!

Срок сдачи: IV квартал 2027 года. Оплата: ипотека, рассрочка, индивидуальные условия.

Современный кирпично-монолитный дом в зеленой зоне рядом с Шунгеровским заказником. На территории:

— Охраняемый двор.

— Детские площадки.

— Зоны отдыха.

Рядом вся инфраструкт...",,https://www.avito.ru/sankt-peterburg/kvartiry/kvartira-studiya_236_m_312_et._7695973575?context=H4sIAAAAAAAA_wE_AMD_YToyOntzOjEzOiJsb2NhbFByaW9yaXR5IjtiOjA7czoxOiJ4IjtzOjE2OiJqQUl0SHhENTVaQU9ZZUE2Ijt9IPMMnD8AAAA
Квартира-студия,27 м²,6 200 000₽,229 630 ₽ за м²,"Арцеуловская аллея, 15",,,"Продается светлая и просторная студия в ЖК «Чистое Небо» от одного из лучших застройщиков в городе Setl Group.

О Локации:

- Дом расположен в самом зеленом и экологически чистом Приморском районе Санкт-Петербурга;
- В шаге от дома новый современный парк Город Мастеров протяженностью 1 км; чуть дальше от дома Юнтоловский, Новоорловский и Левашовский заказники. Также в транспортной доступности находятся благоустроенные Суздальские озера.
- До остановок общественного транспорта — 15 мин пешком. До...",Вчера,https://www.avito.ru/sankt-peterburg/kvartiry/kvartira-studiya_27_m_118_et._7884118706?context=H4sIAAAAAAAA_wE_AMD_YToyOntzOjEzOiJsb2NhbFByaW9yaXR5IjtiOjA7czoxOiJ4IjtzOjE2OiJqQUl0SHhENTVaQU9ZZUE2Ijt9IPMMnD8AAAA
4-к. квартира,74,11 500 000₽,154 155 ₽ за м²,"пр-т Луначарского, 62к1",Озерки,16–20 мин.,"Продаётся просторная 4-комнатная квартира в зелёном районе спб!
От собственника (1 владелец), без агентств и комиссий.

Идеальное гнёздышко для большой семьи: светлая, трёхсторонняя, рядом с парками!

Эта квартира — настоящий оазис комфорта для тех, кто ценит пространство, тишину и близость к природе. 74,6 м² — хватит места для всех: детей, хобби и уютных вечеров. Сделан свежий ремонт под сдачу(все в одном стиле), но планы поменялись.

О квартире:
- Общая площадь: 74,6 м² (простор для жизни и тв...",Вчера,https://www.avito.ru/sankt-peterburg/kvartiry/4-k._kvartira_746_m_39_et._7848770110?context=H4sIAAAAAAAA_wE_AMD_YToyOntzOjEzOiJsb2NhbFByaW9yaXR5IjtiOjA7czoxOiJ4IjtzOjE2OiJqQUl0SHhENTVaQU9ZZUE2Ijt9IPMMnD8AAAA
Квартира-студия,25 м²,5 650 000₽,226 000 ₽ за м²,"Невский пр-т, 95",Площадь Восстания,до 5 мин.,"Продается просторная студия в центре Петербурга!

Метро Площадь Восстания 3 мин пешком.

Центральный ТЦ «Галерея» и Московский вокзал через дорогу!

Новый дизайнерский ремонт.

Фотографии соответствуют действительности.

Высота второго яруса 1,5м.

Прямая продажа. Все документы к сделке готовы.

Нотариальная сделка.

Можно жить, сдавать в аренду.

Есть прописка.",1 неделю назад,https://www.avito.ru/sankt-peterburg/kvartiry/kvartira-studiya_25_m_37_et._7961616665?context=H4sIAAAAAAAA_wE_AMD_YToyOntzOjEzOiJsb2NhbFByaW9yaXR5IjtiOjA7czoxOiJ4IjtzOjE2OiJqQUl0SHhENTVaQU9ZZUE2Ijt9IPMMnD8AAAA
Квартира-студия,24,6 650 003₽,275 934 ₽ за м²,,Озерки,от 31 мин.,"Продается уютная студия от застройщика в жилом комплексе «Бионика Заповедная» в динамичном Приморском районе.

До метро можно добраться на транспорте всего за 11 минут.

Удобная, классическая, функциональная европланировка, вместительная прихожая 2.96 м². Общая площадь студии — 24.14 м², жилая — 18 м², высота потолка 2.77 м.

Квартира продается с отделкой «Норд Лайн светлый плюс».

Что особенного в ЖК «Бионика Заповедная»?

Оазис в городе — 3 минуты пешком до Новоорловского заказника (140 ГА).
З...",,https://www.avito.ru/sankt-peterburg/kvartiry/kvartira-studiya_241_m_212_et._7891984945?context=H4sIAAAAAAAA_wE_AMD_YToyOntzOjEzOiJsb2NhbFByaW9yaXR5IjtiOjA7czoxOiJ4IjtzOjE2OiJqQUl0SHhENTVaQU9ZZUE2Ijt9IPMMnD8AAAA
2-к. квартира,45 м²,6 700 000₽,148 889 ₽ за м²,"пр-т Славы, 10к1",Проспект Славы,11–15 мин.,"Продается двухкомнатная квартира в спальном районе в доме 502-9 серии (брежневка) недалеко от метро пр. Славы.

Стоимость соответствует состоянию. Квартира требует ремонта, можно воплотить все свои фантазии, сделать все для себя и не переплачивать за косметический ремонт нулевых. Из плюсов: установлены стеклопакеты и сделаны натяжные потолки!

В шаговой доступности множество магазинов, два детских сада, лицей 299, Яблоневый сад для прогулок и занятий спортом. Дом во дворе, не слышно шума от прос...",7 дней назад,https://www.avito.ru/sankt-peterburg/kvartiry/2-k._kvartira_45_m_45_et._7870112905?context=H4sIAAAAAAAA_wE_AMD_YToyOntzOjEzOiJsb2NhbFByaW9yaXR5IjtiOjA7czoxOiJ4IjtzOjE2OiJqQUl0SHhENTVaQU9ZZUE2Ijt9IPMMnD8AAAA
Квартира-студия,30 м²,16 489 005₽,549 634 ₽ за м²,"ул. Алтайская, д. 39, лит. А",Московская,6–10 мин.,"Дом сдан! Выдаем ключи!
Студия №157 на 16 этаже в секции №2 Дома Shepilevskiy (Шепилевский).
О проекте:
Торжественный и величавый, Клубный дом Shepilevskiy (Шепилевский) включает 184 квартиры клубного формата. Дом гармонично вписан в существующий архитектурный контекст Алтайской улицы Московском районе. Из окон большей части лотов открывается захватывающий вид на юг, север и центр Петербурга. Максимальный обзор на город достигнут и за счет больших окон высотой от 2,5 до 5 метров. Shepilevskiy (Ш...",,https://www.avito.ru/sankt-peterburg/kvartiry/kvartira-studiya_30_m_1624_et._7803155003?context=H4sIAAAAAAAA_wE_AMD_YToyOntzOjEzOiJsb2NhbFByaW9yaXR5IjtiOjA7czoxOiJ4IjtzOjE2OiJqQUl0SHhENTVaQU9ZZUE2Ijt9IPMMnD8AAAA
Квартира-студия,29,8 990 000₽,307 877 ₽ за м²,"ул. Герасимовская, д. 5",Площадь Мужества,от 31 мин.,"Продаётся студия по переуступке Дду. Дом сдаётся во 2 квартале этого года 2026.
Студия имеет хорошее отдельное расположение на 3 этаже. Вы не будете слышать соседей с боку и соприкасаться с ними.

Студия находится близко к центру в тихом жилом зелёном районе. Вид из окна на школьный двор и деревья.

Оплата в рассрочку: первоначальный взнос от 3 млн. Можно разделить на 2 платежа и оформить ипотеку на остальную часть при сдаче дома в апреле-мае 2026 года.",,https://www.avito.ru/sankt-peterburg/kvartiry/kvartira-studiya_292_m_39_et._7961032574?context=H4sIAAAAAAAA_wE_AMD_YToyOntzOjEzOiJsb2NhbFByaW9yaXR5IjtiOjA7czoxOiJ4IjtzOjE2OiJqQUl0SHhENTVaQU9ZZUE2Ijt9IPMMnD8AAAA
Квартира-студия,24 м²,7 500 000₽,312 500 ₽ за м²,"Большая Конюшенная ул., 4-6-8",Невский проспект,6–10 мин.,"В продаже: Квартира — студия в сердце Петербурга: Ваш личный уголок для жизни или источник дохода под 13% годовых.

Уникальное пространство в историческом доме. Для тех, кто хочет жить в атмосфере старого города или получать стабильный пассивный доход.

Хотите узнать, сколько будет приносить Ваша будущая студия?

Напишите «Доход» в чат Авито, и мы вышлем вам полный расчет!

Идеально для жизни вас или вашего ребенка:

Для студента: Пешая доступность к ведущим вузам. Независимость и безопасность в...",4 декабря 2025,https://www.avito.ru/sankt-peterburg/kvartiry/kvartira-studiya_24_m_24_et._7863504601?context=H4sIAAAAAAAA_wE_AMD_YToyOntzOjEzOiJsb2NhbFByaW9yaXR5IjtiOjA7czoxOiJ4IjtzOjE2OiJqQUl0SHhENTVaQU9ZZUE2Ijt9IPMMnD8AAAA
3-к. квартира,82,25 600 369₽,308 810 ₽ за м²,,Елизаровская,от 31 мин.,"Продается уютная, семейная 3-комнатная квартира от застройщика в жилом комплексе «Сэтл Ривьера» в активно развивающимся Невском районе.

До метро можно добраться на транспорте всего за 10 минут.

Мастер-спальня с собственной ванной комнатой. Самое приватное пространство в вашей квартире.

Сауна в ванной комнате. Расслабьтесь и восстановите силы, как в Спа-салоне.

Уникальная, функциональная европланировка, большая кухня-гостиная 17.25 м², вместительная прихожая 9.13 м². Общая площадь квартиры — ...",,https://www.avito.ru/sankt-peterburg/kvartiry/3-k._kvartira_829_m_617_et._7636630233?context=H4sIAAAAAAAA_wE_AMD_YToyOntzOjEzOiJsb2NhbFByaW9yaXR5IjtiOjA7czoxOiJ4IjtzOjE2OiJqQUl0SHhENTVaQU9ZZUE2Ijt9IPMMnD8AAAA
2-к. квартира,86,38 541 582₽,446 600 ₽ за м²,,Новочеркасская,11–15 мин.,"Продается 2-комн. Квартира от застройщика с предчистовой отделкой в ЖК «Легенда на Охте» на 3 этаже. Общая площадь: 86.3 кв. М., жилая: 26 кв. М., площадь просторной кухни-столовой: 34.2 кв. М. Квартира — распашонка, без проходных комнат, окна выходят на paзные стороны дома. В квартире два совмещенных санузла. Высота потолков 2.7 м.

Квартира находится в корпусе P. Дом монолитный, двухподъездный, высотой 14 этажей. На этаже 6 квартир. В подъезде 1 пассажирский и 1 грузовой лифт. Начало строитель...",,https://www.avito.ru/sankt-peterburg/kvartiry/2-k._kvartira_863_m_314_et._7879606135?context=H4sIAAAAAAAA_wE_AMD_YToyOntzOjEzOiJsb2NhbFByaW9yaXR5IjtiOjA7czoxOiJ4IjtzOjE2OiJqQUl0SHhENTVaQU9ZZUE2Ijt9IPMMnD8AAAA
2-к. квартира,45,7 299 000₽,160 418 ₽ за м²,"пр-т Луначарского, 88к1",Гражданский проспект,21–30 мин.,"Арт. 132028977 Предлагается к продаже двухкомнатная квартира общей площадью 45,5 кв. М. В Калининском районе города. Дом обслуживает управляющая компания «Жкс №1 Калининского района». Планировка квартиры включает в себя: две изолированные комнаты (18,2 кв. М. И 10 кв. М.) одна из которых с выходом на балкон, кухню 7 кв. М., раздельный санузел и прихожую (6,3 кв. М.). Ква.

Ртира требует ремонта, что позволит новым владельцам возможность воплотить свои дизайнерские идеи и создать интерьер своей м...",2 часа назад,https://www.avito.ru/sankt-peterburg/kvartiry/2-k._kvartira_455_m_49_et._7930700681?context=H4sIAAAAAAAA_wE_AMD_YToyOntzOjEzOiJsb2NhbFByaW9yaXR5IjtiOjA7czoxOiJ4IjtzOjE2OiJqQUl0SHhENTVaQU9ZZUE2Ijt9IPMMnD8AAAA
Квартира-студия,21,4 593 318₽,217 693 ₽ за м²,,,,"О проекте.
Жилой комплекс «Квартал Торики» — гармоничная среда для семейной жизни. Все необходимое для комфортной жизни в шаговой доступности: от развитой транспортной сети до собственных школы и двух детских садов. Монолитные 12-этажные дома с уединенными дворами, «лесными гостиными» и бульварами создают безопасное и спокойное пространство. Для максимального удобства в подъездах организована безбарьерная среда, а будущие жители могут выбрать планировку — от уютных студий до просторных 4-комнатн...",,https://www.avito.ru/sankt-peterburg/kvartiry/kvartira-studiya_211_m_1112_et._7920705311?context=H4sIAAAAAAAA_wE_AMD_YToyOntzOjEzOiJsb2NhbFByaW9yaXR5IjtiOjA7czoxOiJ4IjtzOjE2OiJqQUl0SHhENTVaQU9ZZUE2Ijt9IPMMnD8AAAA
Квартира-студия,23,4 100 000₽,174 468 ₽ за м²,,,,"Продается квартира-студия с отделкой в ЖК Квартал Лаголово, застройщик «Самолёт», видовой 11 ый этаж, корпус 4 секция 1, (отдельно стоящий корпус)всего 13 квартир на этаже.

Квартира сдается с отделкой под ключ, кухонным гарнитуром и техникой Haier.

-Холодильник.

-Варочная панель.

-Духовой шкаф.

-Вытяжка.

-Посудомоечная машина.

-Прихожая и с/у с мебелью.

Инфраструктура локации: запланировано три школы и восемь детских садов прямо на территории квартала.

На первых этажах магазины, салоны ...",,https://www.avito.ru/sankt-peterburg_krasnoye_selo/kvartiry/kvartira-studiya_235_m_1111_et._7504740101?context=H4sIAAAAAAAA_wE_AMD_YToyOntzOjEzOiJsb2NhbFByaW9yaXR5IjtiOjA7czoxOiJ4IjtzOjE2OiJqQUl0SHhENTVaQU9ZZUE2Ijt9IPMMnD8AAAA
Квартира-студия,31 м²,7 800 000₽,251 613 ₽ за м²,"пос. Парголово, Заречная ул., 11к6",Парнас,16–20 мин.,"Видовая квартира у Метро рядом с Парком. Продаю квартиру 31 кв. М + 8кв. М застекленная лоджия (окна в пол) на 26 (последнем) этаже в доме Комфорт класса, ЖК Три Апельсина. Абсолютно штучное предложение — здесь для вас много солнца, воздуха, неба, уюта! Два огромных окна в пол. За окнами — облака, на боковом обзоре шикарный Шуваловский лесопарк. Полная инфраструктура прямо вокруг дома — несколько сетевых магазинов, два детсада, новая школа, великолепный красивый двор. В шаговой доступности и мет...",4 часа назад,https://www.avito.ru/sankt-peterburg/kvartiry/kvartira-studiya_31_m_2626_et._7991839604?context=H4sIAAAAAAAA_wE_AMD_YToyOntzOjEzOiJsb2NhbFByaW9yaXR5IjtiOjA7czoxOiJ4IjtzOjE2OiJqQUl0SHhENTVaQU9ZZUE2Ijt9IPMMnD8AAAA
3-к. апартаменты,134,189 793 610₽,1 411 105 ₽ за м²,,Спортивная,16–20 мин.,"Сдаем в 2026 году!
Апартамент №411 в Комплексе «17/33 Петровский остров».
О проекте:
Премиальный комплекс резиденций для истинных ценителей изысканной архитектуры, непревзойденного сервиса и необыкновенной панорамы Санкт-Петербурга. Уникальное расположение — между Малой Невой и Петровским прудом — подарит будущим резидентам неповторимое ощущение жизни на собственном уединенном острове.
Уникальная локация. Проект расположен в объятьях главных островов Петербурга — Петроградской стороны, Васильевс...",,https://www.avito.ru/sankt-peterburg/kvartiry/3-k._apartamenty_1345_m_68_et._7931794816?context=H4sIAAAAAAAA_wE_AMD_YToyOntzOjEzOiJsb2NhbFByaW9yaXR5IjtiOjA7czoxOiJ4IjtzOjE2OiJqQUl0SHhENTVaQU9ZZUE2Ijt9IPMMnD8AAAA
2-к. квартира,51,9 000 000₽,174 757 ₽ за м²,"пр-т Солидарности, 7к1",Проспект Большевиков,11–15 мин.,"Арт. 131951335 Продается двухкомнатная квартира с хорошим ремонтом в панельном доме, на высоком 8 этаже с панорамным видом на город. Квартира с изолированными комнатами, светлая, теплая! Удачной планировки, имеется встроенная оборудованная гардеробная. При продаже в квартире остается кухонная мебель с бытовой техникой. В комнате установлен кондиционер. На кухне теплый пол. В дом е свой Тсж. Очень чистая парадная и хорошие соседи. Район с развитой инфраструктурой. До метро Проспект Большевиков 15...",Вчера,https://www.avito.ru/sankt-peterburg/kvartiry/2-k._kvartira_515_m_89_et._7890283760?context=H4sIAAAAAAAA_wE_AMD_YToyOntzOjEzOiJsb2NhbFByaW9yaXR5IjtiOjA7czoxOiJ4IjtzOjE2OiJqQUl0SHhENTVaQU9ZZUE2Ijt9IPMMnD8AAAA
Квартира-студия,29,5 649 999₽,192 833 ₽ за м²,,Парнас,от 31 мин.,"Продается квартира-студия на 13-м этаже в проекте комфорт-класса glorax Парголово. Общая площадь лота составляет 29,34 кв. М, из которых 19,95 кв. М отведено под жилую и кв. М под кухонную зону. Номер квартиры — 255.

Преимущества:
- Квартира комфорт-класса.
- Зеленый район, Шуваловский парк в 20 мин. Пешком.
- 10 мин. До Кад, 15 мин. До Зсд.
- 5 эт. Паркинг на 451 м/м.
- Закрытые дворы с видеонаблюдением.
- Детские площадки с геопласткой и бизиборадми.
- Сады и школы в шаговой доступности.
- Сп...",,https://www.avito.ru/sankt-peterburg/kvartiry/kvartira-studiya_293_m_1315_et._7596704521?context=H4sIAAAAAAAA_wE_AMD_YToyOntzOjEzOiJsb2NhbFByaW9yaXR5IjtiOjA7czoxOiJ4IjtzOjE2OiJqQUl0SHhENTVaQU9ZZUE2Ijt9IPMMnD8AAAA
Квартира-студия,24,11 848 694₽,485 602 ₽ за м²,,Приморская,от 31 мин.,"Квартира №22 в корпусе Carbon проекта бизнес-класса «Bashni Element».
«Bashni Element» — новый жилой проект бизнес-класса на Васильевском острове от девелоперской компании «Elemenт». В его составе — 5 башен, две из которых соединены первым в Санкт-Петербурге «небесным мостом» с клубной инфраструктурой. "".

— Первая линия Финского залива (южная часть намыва Васильевского острова), 80% квартир — с видом на воду.

— Футуристичная архитектура от «А. Лен» — 5 разновысотных башен: Carbon, Cuprum, Tita...",,https://www.avito.ru/sankt-peterburg/kvartiry/kvartira-studiya_244_m_522_et._4379812494?context=H4sIAAAAAAAA_wE_AMD_YToyOntzOjEzOiJsb2NhbFByaW9yaXR5IjtiOjA7czoxOiJ4IjtzOjE2OiJqQUl0SHhENTVaQU9ZZUE2Ijt9IPMMnD8AAAA
1-к. квартира,32,6 190 000₽,190 462 ₽ за м²,"пр-т Просвещения, 24/2",Проспект Просвещения,11–15 мин.,"Адрес: Пр. Просвещения, 24/2 (знаменитый район с развитой инфраструктурой).

Цена: 6 190 000 ₽.

Плюсы:

1 Локация «всё включено». Выходишь из подъезда — и ты в центре событий. Остановки транспорта, магазины у дома, школы и детские сады — всё в шаговой доступности. До метро можно быстро доехать или прогуляться в хорошую погоду.

2 Готова к жизни. Квартира чистая, ухоженная. Здесь можно жить сразу после покупки, сделав лишь небольшой косметический ремонт на свой вкус, либо заезжать с вещами.

3 И...",Вчера,https://www.avito.ru/sankt-peterburg/kvartiry/1-k._kvartira_325_m_59_et._7931921059?context=H4sIAAAAAAAA_wE_AMD_YToyOntzOjEzOiJsb2NhbFByaW9yaXR5IjtiOjA7czoxOiJ4IjtzOjE2OiJqQUl0SHhENTVaQU9ZZUE2Ijt9IPMMnD8AAAA
2-к. квартира,71,17 366 940₽,242 894 ₽ за м²,,Комендантский проспект,от 31 мин.,"Продаётся двухкомнатная квартира в жилом комплексе Цдс Dreamline, Корпус 2.7.
Цена Указана С Учетом Скидки ЗА Наличные. При покупке квартиры без участия агентов дарим сертификат новосела в магазин Hoff на сумму 50 000 рублей. Им можно оплатить не более 15% от суммы покупки.
Квартиры с чистовой отделкой: на полу ламинат, на стенах обои под покраску, установлены межкомнатные двери, в санузлах везде положена плитка, установлена вся сантехника!

Цдс Dreamline — это новый ЖК на Парашютной улице. Перв...",,https://www.avito.ru/sankt-peterburg/kvartiry/2-k._kvartira_715_m_317_et._7731676539?context=H4sIAAAAAAAA_wE_AMD_YToyOntzOjEzOiJsb2NhbFByaW9yaXR5IjtiOjA7czoxOiJ4IjtzOjE2OiJqQUl0SHhENTVaQU9ZZUE2Ijt9IPMMnD8AAAA
1-к. квартира,36,7 990 000₽,218 904 ₽ за м²,"пос. Парголово, ул. Фёдора Абрамова, 8",Парнас,11–15 мин.,"Продам уютную 2-евро (однокомнатную) квартиру 36,5м2 — готова к проживанию!

Описание квартиры:
- Просторная кухня-гостиная 15,7 м² с выходом на лоджию — отличное пространство для готовки и отдыха. Кухонный гарнитур оснащён подсветкой рабочей зоны и встроенной техникой: варочная панель, вытяжка, духовка.

- Спальня 14,8 м² включает несколько функциональных зон: здесь с комфортом разместится кровать для отдыха и восстановления, вместительный шкаф-гардероб, а также рабочее место или аккуратный туа...",Вчера,https://www.avito.ru/sankt-peterburg/kvartiry/1-k._kvartira_365_m_2527_et._7939703246?context=H4sIAAAAAAAA_wE_AMD_YToyOntzOjEzOiJsb2NhbFByaW9yaXR5IjtiOjA7czoxOiJ4IjtzOjE2OiJqQUl0SHhENTVaQU9ZZUE2Ijt9IPMMnD8AAAA
Квартира-студия,18 м²,4 650 000₽,258 333 ₽ за м²,"ул. Ефимова, 5",Спасская,до 5 мин.,"Продается уютная студия в адмиралтейском районе Петербурга!

Метро Сенная, Садовая 4мин пешком.

Тихая, спокойная улица.

Новый дизайнерский ремонт.

Коридор с ремонтом.

Высота потолка 3,65м.

Высота второго яруса 1,4м.

Чистая парадная.

Через дорогу открыли прогулочное пространство «Сено».

Прямая продажа. Все документы к сделке готовы.

Нотариальная сделка.

Можно жить, сдавать в аренду.

Можно прописаться.",Вчера,https://www.avito.ru/sankt-peterburg/kvartiry/kvartira-studiya_18_m_55_et._7961063703?context=H4sIAAAAAAAA_wE_AMD_YToyOntzOjEzOiJsb2NhbFByaW9yaXR5IjtiOjA7czoxOiJ4IjtzOjE2OiJqQUl0SHhENTVaQU9ZZUE2Ijt9IPMMnD8AAAA
1-к. квартира,33,7 000 000₽,208 955 ₽ за м²,,Рыбацкое,21–30 мин.,"Срочная Продажа!

Продается уютная 1 комнатная квартира, а ЖК Живи! В Рыбацком!
Квартира с полной чистовой отделкой и частично с мебелью.
Дом сдан! Ключи 3 квартал 2026г.

«Живи! В Рыбацком» — квартал, созданный с учётом всех деталей, отвечающих за высокий уровень комфорта:
— развитая транспортная инфраструктура — район обладает отличными транспортными характеристиками;
— пешая доступность метрополитена (м. Рыбацкое);
— развивающаяся коммерческая инфраструктура внутри квартала;
— развитая сущест...",,https://www.avito.ru/sankt-peterburg/kvartiry/1-k._kvartira_335_m_423_et._7961661182?context=H4sIAAAAAAAA_wE_AMD_YToyOntzOjEzOiJsb2NhbFByaW9yaXR5IjtiOjA7czoxOiJ4IjtzOjE2OiJqQUl0SHhENTVaQU9ZZUE2Ijt9IPMMnD8AAAA
2-к. квартира,50,15 096 510₽,297 175 ₽ за м²,,Юго-Западная,21–30 мин.,"Номер квартиры: 80з.

Этаж: 17.

Площадь: 50.83.

Корпус: Корпус 2. Жилой комплекс «Южный форт» представляет собой комплексную застройку, объединяющую монолитно-кирпичные здания. Застройщик предлагает разнообразие планировок, включая варианты с предчистовой и чистовой отделкой, что позволяет выбрать наиболее подходящий вариант под индивидуальные потребности. Ожидается, что объект будет введен в эксплуатацию в 4 квартале 2026 года.",,https://www.avito.ru/sankt-peterburg/kvartiry/2-k._kvartira_508_m_1720_et._7937657479?context=H4sIAAAAAAAA_wE_AMD_YToyOntzOjEzOiJsb2NhbFByaW9yaXR5IjtiOjA7czoxOiJ4IjtzOjE2OiJqQUl0SHhENTVaQU9ZZUE2Ijt9IPMMnD8AAAA
Квартира-студия,21 м²,4 399 000₽,209 476 ₽ за м²,"18-я линия Васильевского острова, 23",Горный институт,6–10 мин.,"Продается уютная студия в 6 минутах пешком от метро Горный Институт!

Метро Василеостровская 12 мин пешком.

Тихая, спокойная улица.

Новый дизайнерский ремонт.

Фотографии соответствуют действительности.

Высота второго яруса 1,5м.

Дом отреставрирован, выполнен капремонт в 2023г.

Прямая продажа. Все документы к сделке готовы.

Нотариальная сделка.

Можно жить, сдавать в аренду.

Есть прописка.

Ипотека: примсоц, ткб, сургутнефть банк, Сбербанк.",21 декабря 2025,https://www.avito.ru/sankt-peterburg/kvartiry/kvartira-studiya_21_m_37_et._7851213558?context=H4sIAAAAAAAA_wE_AMD_YToyOntzOjEzOiJsb2NhbFByaW9yaXR5IjtiOjA7czoxOiJ4IjtzOjE2OiJqQUl0SHhENTVaQU9ZZUE2Ijt9IPMMnD8AAAA
1-к. квартира,35,8 532 816₽,241 040 ₽ за м²,,Академическая,от 31 мин.,"Цена действует при 100% оплате и на определенные ипотечные программы.
Подробности — в отделе продаж по телефону.

Продаётся 1-комнатная квартира в ЖК «Ручьи» на 13 этаже. Общая площадь составляет 35.40 кв. М. Квартира с чистовой отделкой. Жилой комплекс «Ручьи» располагается по адресу Санкт-Петербург, Красногвардейский.

ЖК «Ручьи» — крупный проект комфорт-класса в Красногвардейском районе, на Пискаревском проспекте. В новостройке эргономичные планировки, уютные пешеходные дворы без машин, с дет...",,https://www.avito.ru/sankt-peterburg/kvartiry/1-k._kvartira_354_m_1320_et._7406975010?context=H4sIAAAAAAAA_wE_AMD_YToyOntzOjEzOiJsb2NhbFByaW9yaXR5IjtiOjA7czoxOiJ4IjtzOjE2OiJqQUl0SHhENTVaQU9ZZUE2Ijt9IPMMnD8AAAA
Квартира-студия,27,6 750 000₽,246 350 ₽ за м²,"ул. Оптиков, 45к2",Беговая,21–30 мин.,"Продается квартира-студия в современным доме.

О квартире:

- общая площадь (без учёта балкона) 27,4 м2;

- Есть просторный балкон, окна выходят во двор (восток);

- Вся мебель и техника остаются будущему владельцу, есть кондиционер.

О доме:

- год постройки 2008;

- монолитные стены;

- 3 лифта, включая грузовой;

- есть подземный паркинг.

О сделке: прямая продажа, два взрослых собственника (семейная пара), приобретали у застройщика по Дду, без обременений.",Вчера,https://www.avito.ru/sankt-peterburg/kvartiry/kvartira-studiya_274_m_1525_et._7911230009?context=H4sIAAAAAAAA_wE_AMD_YToyOntzOjEzOiJsb2NhbFByaW9yaXR5IjtiOjA7czoxOiJ4IjtzOjE2OiJqQUl0SHhENTVaQU9ZZUE2Ijt9IPMMnD8AAAA
2-к. квартира,68,20 205 625₽,293 686 ₽ за м²,"ш. Суздальское, корп. 5.3.1",Проспект Просвещения,от 31 мин.,Продается 2 комнатная квартира 9 в ЖК Окла.,,https://www.avito.ru/sankt-peterburg/kvartiry/2-k._kvartira_688_m_225_et._3878992804?context=H4sIAAAAAAAA_wE_AMD_YToyOntzOjEzOiJsb2NhbFByaW9yaXR5IjtiOjA7czoxOiJ4IjtzOjE2OiJqQUl0SHhENTVaQU9ZZUE2Ijt9IPMMnD8AAAA
1-к. квартира,34,7 500 000₽,218 659 ₽ за м²,"пос. Парголово, Толубеевский пр., 14к1",Парнас,16–20 мин.,"В продаже светлая однокомнатная квартира в ЖК «Северная долина».

Главное преимущество — в квартире никто не жил.

Ремонт от застройщика — качественная база, на которую можно опереться: стяжка, штукатурка, разводка коммуникаций. Сделать ремонт в этой квартире будет гораздо проще и дешевле, чем переделывать чужой. При желании можно спокойно пожить, а со временем заняться ремонтом.

Панорамный нескучный вид из окон, при этом нет ощущения высокого этажа, нижняя часть лоджии закрыта.

ЖК «Северная д...",4 часа назад,https://www.avito.ru/sankt-peterburg/kvartiry/1-k._kvartira_343_m_2527_et._7977672712?context=H4sIAAAAAAAA_wE_AMD_YToyOntzOjEzOiJsb2NhbFByaW9yaXR5IjtiOjA7czoxOiJ4IjtzOjE2OiJqQUl0SHhENTVaQU9ZZUE2Ijt9IPMMnD8AAAA
1-к. квартира,32,6 500 000₽,198 777 ₽ за м²,"Бассейная ул., 3",Парк Победы,16–20 мин.,"Элитная локация Московского района.
Квартира рядом с Парком Победы, где все в зелени, чистые пруды, спортивные площадки.
Около Трк Радуга проходит бесплатный автобус-шаттл до метро Московская.
Квартира очень уютная и светлая, Окна во двор, на юг. Лоджия застекленная. Унитаз, колонка, холодильник новые. Техника и мебель все остается.
Московский район один из развитых районов города.
Пешая доступность до 2-х станций метро: Парк.
Победы 10 минут, Московская 20 минут.
Отлично развита сеть наземного ...",Вчера,https://www.avito.ru/sankt-peterburg/kvartiry/1-k._kvartira_327_m_35_et._7930185248?context=H4sIAAAAAAAA_wE_AMD_YToyOntzOjEzOiJsb2NhbFByaW9yaXR5IjtiOjA7czoxOiJ4IjtzOjE2OiJqQUl0SHhENTVaQU9ZZUE2Ijt9IPMMnD8AAAA
Апартаменты-студия,22,5 192 175₽,234 940 ₽ за м²,"пр-т Стачек, д. 62, лит. А",Кировский завод,до 5 мин.,"1-комн. Апартаменты-студия с отделкой в ЖК «Industrial Avenir» на 13 этаже. Общая площадь: 22.1 кв. М., площадь гостиной 18.3 кв. М., из которых 5 кв. М. Выделено под кухонную зону. Все окна выходят на одну сторону. В апартаментах один совмещенный санузел. Высота потолков 2.5 м.

В шаговой доступности от дома находятся станции метро (расстояние по прямой): «Кировский завод» (300 м), «Путиловская» (300 м), «Автово» (1.6 км), также недалеко от этого корпуса находятся станции метро: «Нарвская», «Ле...",,https://www.avito.ru/sankt-peterburg/kvartiry/apartamenty-studiya_221_m_1313_et._7847681701?context=H4sIAAAAAAAA_wE_AMD_YToyOntzOjEzOiJsb2NhbFByaW9yaXR5IjtiOjA7czoxOiJ4IjtzOjE2OiJqQUl0SHhENTVaQU9ZZUE2Ijt9IPMMnD8AAAA
2-к. квартира,54,20 659 824₽,381 882 ₽ за м²,,Горный институт,11–15 мин.,"2-комн. Квартира с предчистовой отделкой в ЖК ""Legenda Васильевского"" на 3 этаже. Общая площадь: 54.14 кв. М., жилая: 20.93 кв. М., площадь просторной кухни-столовой: 18.08 кв. М. Квартира угловая, очень светлая, естественная вентиляция при открытии окон. В квартире один раздельный санузел. Высота потолков 2.72 м.

«Legenda Васильевского» — жилой квартал в минутной доступности от Финского залива, главного креативного хаба Санкт-Петербурга — Севкабель Порта и других точек притяжения.

Современные...",,https://www.avito.ru/sankt-peterburg/kvartiry/2-k._kvartira_541_m_310_et._7911322278?context=H4sIAAAAAAAA_wE_AMD_YToyOntzOjEzOiJsb2NhbFByaW9yaXR5IjtiOjA7czoxOiJ4IjtzOjE2OiJqQUl0SHhENTVaQU9ZZUE2Ijt9IPMMnD8AAAA
2-к. квартира,45,7 990 000₽,175 604 ₽ за м²,"Шуваловский пр-т, 63к4",Комендантский проспект,от 31 мин.,"Цена ниже рыночной на 900 000 рублей! Срочная продажа!

Продаётся двушка в самом сердце развитого района — Шуваловский 64. Да, это панельный дом, и да, квартира ждёт своего хозяина с инструментами. Но в этом и её главный плюс!

Почему это выгодная покупка?

1. Цена. Самая низкая в районе за аналогичный метраж. Вы платите за метры, а не за «дизайнерский евроремонт» соседа, который вам всё равно пришлось бы переделывать под себя.
2. Планировка. Чистые 45.5 квадратов. Не «распашонка» со сквозняками...",7 дней назад,https://www.avito.ru/sankt-peterburg/kvartiry/2-k._kvartira_455_m_610_et._7987632539?context=H4sIAAAAAAAA_wE_AMD_YToyOntzOjEzOiJsb2NhbFByaW9yaXR5IjtiOjA7czoxOiJ4IjtzOjE2OiJqQUl0SHhENTVaQU9ZZUE2Ijt9IPMMnD8AAAA
2-к. квартира,45 м²,6 900 000₽,153 333 ₽ за м²,"ул. Бабушкина, 89к3",Ломоносовская,6–10 мин.,"Продается 2 ком. Квapтиpa нa 2 этaже. 10 минут пешком метро Ломоносовская. 5 минут пешком парк.

Полная стоимость в договоре. Без обременений. 3 собственника, 1 из них н/л, органы опеки согласованы, (доля ребенку будет выделена в 3 к. Кв.). Больше встречных покупок не будет.

Произведена небольшая перепланировка, сделаны изолированные комнаты. Балкон. Вид из окон во двор.

Квартира требует ремонта, отремонтирована 1 комната, (выровнены стены, сделана звукоизоляция. Поменяны полы. Стеклопакеты.) ...",Вчера,https://www.avito.ru/sankt-peterburg/kvartiry/2-k._kvartira_45_m_25_et._7990085641?context=H4sIAAAAAAAA_wE_AMD_YToyOntzOjEzOiJsb2NhbFByaW9yaXR5IjtiOjA7czoxOiJ4IjtzOjE2OiJqQUl0SHhENTVaQU9ZZUE2Ijt9IPMMnD8AAAA
3-к. квартира,87,36 888 600₽,420 144 ₽ за м²,"ул. Профессора Попова, 38",Петроградская,11–15 мин.,"В продаже квартира в строящемся ЖК ID Рetrogradskаyа.
Комнат: 3.
Этаж: 3/6.
Секция: С17.
Площадь общая: 87,83 кв. М.
Площадь жилая: 41,46 кв. М.
Балкон: нет.
Номер: 490.
Квартира передается без отделки, что позволяет воплотить свои дизайнерские идеи и создать уникальный интерьер. Во всех квартирах потолки 3 м и панорамные окна высотой 2,8 м. В каждой секции и на каждом этаже спроектированы помещения для установки кондиционеров. Предусмотрены грузовые лифты, на первых этажах организованы места дл...",,https://www.avito.ru/sankt-peterburg/kvartiry/3-k._kvartira_878_m_36_et._7779267113?context=H4sIAAAAAAAA_wE_AMD_YToyOntzOjEzOiJsb2NhbFByaW9yaXR5IjtiOjA7czoxOiJ4IjtzOjE2OiJqQUl0SHhENTVaQU9ZZUE2Ijt9IPMMnD8AAAA
Квартира-студия,27 м²,5 620 000₽,208 148 ₽ за м²,"ул. Жуковского, 5",Маяковская,6–10 мин.,"В продаже Новая двухуровневая Студия в самом центре Петербурга.

Вся мебель и техника остаются покупателю.

Только после ремонта.

Выполнена качественная светлая отделка. По полу площадь 22м2.

Низкие коммунальные платежи.

Идеально для студентов или сдачи в аренду.

Возможна ипотека Примсоцбанк, Сургутнефтегаз банк, Транскапиталбанк.

Полный пакет документов. Один взрослый собственник, никто не зарегистрирован, отказы готовы. Торг…",7 дней назад,https://www.avito.ru/sankt-peterburg/kvartiry/kvartira-studiya_27_m_47_et._7987661417?context=H4sIAAAAAAAA_wE_AMD_YToyOntzOjEzOiJsb2NhbFByaW9yaXR5IjtiOjA7czoxOiJ4IjtzOjE2OiJqQUl0SHhENTVaQU9ZZUE2Ijt9IPMMnD8AAAA
3-к. квартира,81,23 800 000₽,291 310 ₽ за м²,"Актёрский проезд, д. 2, корп. 2, стр. 1",Проспект Просвещения,21–30 мин.,"Продается 3-комнатная квартира общей площадью 81.7м² в жилом комплексе «Руднева 15» в Выборгском районе спб.
Квартира расположена на 9-м этаже из 13-и, по адресу Санкт-Петербург, Актёрский проезд, 2к2.
Окна смотрят на СЗ, ЮЗ.
На улицу и во двор.
Современная планировка.

Планировка:
Просторная кухня-гостиная 21.4м².
Комната 1: 16.4м².
Комната 2: 12.4м².
Комната 3: 10.7м².
Коридор: 11.0м², 0.0м², 0.0м².
Санузлы: 5.6м², санузел 4.2м², санузел 0.0м², санузел 0.0м².
Помимо уже установленной сантехник...",,https://www.avito.ru/sankt-peterburg/kvartiry/3-k._kvartira_817_m_913_et._7751595789?context=H4sIAAAAAAAA_wE_AMD_YToyOntzOjEzOiJsb2NhbFByaW9yaXR5IjtiOjA7czoxOiJ4IjtzOjE2OiJqQUl0SHhENTVaQU9ZZUE2Ijt9IPMMnD8AAAA
Апартаменты-студия,22,5 990 000₽,262 719 ₽ за м²,"Заозёрная ул., 3к3",Фрунзенская,6–10 мин.,"Продается уютная и светлая студия на втором этаже апарт-отеля Artstudio Moskovsky.

Отель с 2019 года признавался лучшим в различных номинациях.

Он находится у Московского проспекта, 11 км до Кад, 17 км до аэропорта Пулково, 600 м до метро «Фрунзенская», 1,3 км до гипермаркета «Лента», 5 км до Московского вокзала, 5 км до Зсд.

На первом этаже здания расположены: лобби, круглосуточная служба ресепшен, кафе и мини-ресторан. В номере выполнен качественный ремонт, остается мебель и техника.

Отлич...",30 марта 2025,https://www.avito.ru/sankt-peterburg/kvartiry/apartamenty-studiya_228_m_213_et._7236437446?context=H4sIAAAAAAAA_wE_AMD_YToyOntzOjEzOiJsb2NhbFByaW9yaXR5IjtiOjA7czoxOiJ4IjtzOjE2OiJqQUl0SHhENTVaQU9ZZUE2Ijt9IPMMnD8AAAA
3-к. апартаменты,95 м²,49 749 072₽,523 674 ₽ за м²,,,,"Апартамент № 527 площадью 95 кв. М. В корпусе Wood с видом во двор и на улицу.
Дом сдан!
О проекте:
«Bereg. Курортный» — первый проект петербургского девелопера Element (ранее Element Development) в Санкт-Петербурге, который был сдан в мае 2024 года. Малоэтажный проект расположен в тихой части Сестрорецка, в окружении парков «Гагарка» и «Дубки», на берегу живописного канала. В составе комплекса — три корпуса: Air, Aqua и Wood («Воздух», «Вода» и «Дерево»), которые включают 715 апартаментов, в то...",,https://www.avito.ru/sankt-peterburg_sestroretsk/kvartiry/3-k._apartamenty_95_m_15_et._7931088779?context=H4sIAAAAAAAA_wE_AMD_YToyOntzOjEzOiJsb2NhbFByaW9yaXR5IjtiOjA7czoxOiJ4IjtzOjE2OiJsMTF5bWsxZDJwd1AyVFN2Ijt9FKOVrD8AAAA
1-к. квартира,41,9 500 000₽,230 583 ₽ за м²,"Гражданский пр-т, 18",Политехническая,11–15 мин.,"Квартира на 7 из 12 этажей. Большая комната 18,5 метров. Просторная лоджия, утеплённая (с отделкой) с видом на проспект. Входная дверь новая (Гранит). Кухня остаётся с техникой. В туалете и ванне есть косметический ремонт. Один взрослый собственник. Без обременений. Мебель и техника остаются. Кухня остаётся. Кухня 10.7м2, газовая плита.
Дом расположен рядом с 2 парками и 3 станциями метро в пешей доступности.
В Доме есть мусоропровод.
Просьба агентов не беспокоить! Продажа от собственника.",3 часа назад,https://www.avito.ru/sankt-peterburg/kvartiry/1-k._kvartira_412_m_712_et._7891987938?context=H4sIAAAAAAAA_wE_AMD_YToyOntzOjEzOiJsb2NhbFByaW9yaXR5IjtiOjA7czoxOiJ4IjtzOjE2OiJsMTF5bWsxZDJwd1AyVFN2Ijt9FKOVrD8AAAA
3-к. квартира,81,23 800 000₽,291 310 ₽ за м²,"Актёрский проезд, д. 2, корп. 2, стр. 1",Проспект Просвещения,21–30 мин.,"Продается 3-комнатная квартира общей площадью 81.7м² в жилом комплексе «Руднева 15» в Выборгском районе спб.
Квартира расположена на 9-м этаже из 13-и, по адресу Санкт-Петербург, Актёрский проезд, 2к2.
Окна смотрят на СЗ, ЮЗ.
На улицу и во двор.
Современная планировка.

Планировка:
Просторная кухня-гостиная 21.4м².
Комната 1: 16.4м².
Комната 2: 12.4м².
Комната 3: 10.7м².
Коридор: 11.0м², 0.0м², 0.0м².
Санузлы: 5.6м², санузел 4.2м², санузел 0.0м², санузел 0.0м².
Помимо уже установленной сантехник...",,https://www.avito.ru/sankt-peterburg/kvartiry/3-k._kvartira_817_m_913_et._7751595789?context=H4sIAAAAAAAA_wE_AMD_YToyOntzOjEzOiJsb2NhbFByaW9yaXR5IjtiOjA7czoxOiJ4IjtzOjE2OiJsMTF5bWsxZDJwd1AyVFN2Ijt9FKOVrD8AAAA
2-к. квартира,46 м²,8 800 000₽,191 304 ₽ за м²,"пр-т Художников, 30к2",Проспект Просвещения,16–20 мин.,"Продается двухкомнатная квартира. Изолированные комнаты, раздельный санузел, застекленная лоджия. Есть вся необходимая мебель и техника, заезжай и живи. Квартира расположена на комфортном втором этаже, окна выходят на зеленый, тихий двор. Зимой тепло, летом не жарко. Район с очень развитой инфраструктурой. Удобно как для автомобилистов (минимум пробок, удобные выезды на Кад, всегда есть где припарковаться у дома), так и для тех кто передвигается на общественном транспорте ( до метро 15 минут пеш...",7 дней назад,https://www.avito.ru/sankt-peterburg/kvartiry/2-k._kvartira_46_m_29_et._7932459881?context=H4sIAAAAAAAA_wE_AMD_YToyOntzOjEzOiJsb2NhbFByaW9yaXR5IjtiOjA7czoxOiJ4IjtzOjE2OiJsMTF5bWsxZDJwd1AyVFN2Ijt9FKOVrD8AAAA
Квартира-студия,24 м²,4 319 160₽,179 965 ₽ за м²,,,,"Прямая продажа от застройщика. Беспроцентная рассрочка. Студия в ЖК Up-квартал «Новый Московский» на 5-м этаже. Общая площадь 23,99. Без отделки.

ГК Фск представляет премьеру в концепции UP-кварталов: жилой комплекс «Новый Московский» в Пушкинском районе. Этот комплекс объединит в себе успешный опыт строительства комплексных современных проектов класса комфорт+ и лучшие мировые практики строительства и урбанистики.

Стандарт UP-кварталов — создавать не просто привычные жилые комплексы, а особен...",,https://www.avito.ru/sankt-peterburg/kvartiry/kvartira-studiya_24_m_510_et._7758002105?context=H4sIAAAAAAAA_wE_AMD_YToyOntzOjEzOiJsb2NhbFByaW9yaXR5IjtiOjA7czoxOiJ4IjtzOjE2OiJsMTF5bWsxZDJwd1AyVFN2Ijt9FKOVrD8AAAA
Квартира-студия,25 м²,6 500 000₽,260 000 ₽ за м²,"Арцеуловская аллея, 19",,,"Продается светлая студия с современным евро ремонтом и панорамным видом на 21 этаже монолитного дома 2023 года постройки.

-Просторная комната с большими окнами открывает вид на улицу, наполняя пространство естественным светом.
- Редкая планировка студии позволяет зонировать пространство на спальную зону и кухню-гостиную.
-Большой балкон 6,3 м² — дополнительное пpoстрaнcтвo для отдыxa или рaбoчего места.
-Просторный санузел 4,1 м².
-В санузле установлен теплый пол, что обеспечивает комфорт в люб...",Вчера,https://www.avito.ru/sankt-peterburg/kvartiry/kvartira-studiya_25_m_2124_et._7901976209?context=H4sIAAAAAAAA_wE_AMD_YToyOntzOjEzOiJsb2NhbFByaW9yaXR5IjtiOjA7czoxOiJ4IjtzOjE2OiJsMTF5bWsxZDJwd1AyVFN2Ijt9FKOVrD8AAAA
2-к. квартира,62,29 596 848₽,475 070 ₽ за м²,"ул. Перевозная, д. 1, лит. Б",Садовая,21–30 мин.,"Остров первых — новый премиальный квартал в центре Петербурга, на Матисовом острове.

Всего в нескольких минутах находятся легендарная Новая Голландия, величественный Мариинский театр и вся культурная палитра Петербурга.

Архитектура, разработанная Евгением Подгорновым и его студией Intercolumnium, отражает характер города. Фасады облицованы кирпичом терракотового и серого оттенков. Все материалы отвечают высокому качеству строительства.

Компания Fizika Development бережно восстановит историчес...",,https://www.avito.ru/sankt-peterburg/kvartiry/2-k._kvartira_623_m_610_et._7768016248?context=H4sIAAAAAAAA_wE_AMD_YToyOntzOjEzOiJsb2NhbFByaW9yaXR5IjtiOjA7czoxOiJ4IjtzOjE2OiJsMTF5bWsxZDJwd1AyVFN2Ijt9FKOVrD8AAAA
Апартаменты-студия,28,3 790 000₽,132 517 ₽ за м²,"ул. Отважных, 10",Проспект Ветеранов,от 31 мин.,"Двухэтажный номер в доходном отеле «Культ Отважных»!

Номер очень просторный и свободный: высота потолков 4,2 м, также панорамные окна 3 метра с прекрасным видом.
Номер оформляется в собственность! Вы становитесь полноправным владельцем.

Акционная цена только сейчас, в черновой отделке при 100% оплате.

Ипотека с гос. Поддержкой и мат. Капитал — не подходят.

Отель «Культ Отважных» — это комфортные номера для постоянного проживания или инвестиций (сдачи в аренду). Развитая инфраструктура с модн...",14 августа 2025,https://www.avito.ru/sankt-peterburg/kvartiry/apartamenty-studiya_286_m_56_et._7577973867?context=H4sIAAAAAAAA_wE_AMD_YToyOntzOjEzOiJsb2NhbFByaW9yaXR5IjtiOjA7czoxOiJ4IjtzOjE2OiJsMTF5bWsxZDJwd1AyVFN2Ijt9FKOVrD8AAAA
2-к. квартира,68,25 881 050₽,376 726 ₽ за м²,"ул. Коли Томчака, д. 21",Московские ворота,6–10 мин.,"Продаётся 2-комнатная квартира в ЖК «Знатный» (бизнес-класс).

Идеальная квартира для комфортной жизни в престижном Московском районе. Современные планировки, высокие потолки от 2,9 м и панорамные окна.

Локация:

— В 100 метрах от Московского проспекта.

— 9 минут пешком до метро «Московские ворота» и «Электросила».

— 5 минут до выезда на Зсд и Кад.

Особенности квартиры:

— Функциональная планировка с возможностью зонирования.

— Высокие потолки 2,9 м.

— Панорамные окна.

— Система очистки в...",,https://www.avito.ru/sankt-peterburg/kvartiry/2-k._kvartira_687_m_412_et._7867324950?context=H4sIAAAAAAAA_wE_AMD_YToyOntzOjEzOiJsb2NhbFByaW9yaXR5IjtiOjA7czoxOiJ4IjtzOjE2OiJsMTF5bWsxZDJwd1AyVFN2Ijt9FKOVrD8AAAA
Квартира-студия,24,5 150 000₽,212 810 ₽ за м²,"пр-т Будённого, 23к5",,,"Продается уютная светлая студия (2022 года постройки) в ЖК «Солнечный город», в современном жилом комплексе комфорт-класса с развитой инфраструктурой, в одном из самых зеленых районов города Санкт-Петербурга.
Студия полностью укомплектована мебелью и необходимой бытовой техникой, есть большая лоджия (4,2 м2) с видом на тихий двор и детский сад. Двор в нашем корпусе закрыт от машин и посторонних, обустроена детская площадка, зона отдыха для родителей.
Рядом школа, садик, Лента, другие продуктовые...",Вчера,https://www.avito.ru/sankt-peterburg/kvartiry/kvartira-studiya_242_m_68_et._7932608437?context=H4sIAAAAAAAA_wE_AMD_YToyOntzOjEzOiJsb2NhbFByaW9yaXR5IjtiOjA7czoxOiJ4IjtzOjE2OiJsMTF5bWsxZDJwd1AyVFN2Ijt9FKOVrD8AAAA
Квартира-студия,24,4 350 208₽,175 412 ₽ за м²,,Рыбацкое,от 31 мин.,"Продается просторная студия от застройщика в жилом комплексе «Город звезд» в новом городе на правом берегу Невы.

До метро можно добраться на транспорте всего за 13 минут.

Удобная, классическая, функциональная европланировка, вместительная прихожая 3.09 м². Общая площадь студии — 24.76 м², жилая — 18.24 м², высота потолка 2.77 м.

Квартира продается с отделкой «Норд Лайн светлый».

Что особенного в ЖК «Город звезд»?

Инновационный Лицей Setl с оригинальной архитектурной концепцией и уникальной ...",,https://www.avito.ru/sankt-peterburg/kvartiry/kvartira-studiya_248_m_1522_et._7892919807?context=H4sIAAAAAAAA_wE_AMD_YToyOntzOjEzOiJsb2NhbFByaW9yaXR5IjtiOjA7czoxOiJ4IjtzOjE2OiJsMTF5bWsxZDJwd1AyVFN2Ijt9FKOVrD8AAAA
2-к. квартира,45,6 700 000₽,146 608 ₽ за м²,"ул. Буренина, 6",,,"Продается уютная 2-х комнатная квартира, светлая и теплая, в тихом районе города. На окнах — стеклопакеты, заменены водопроводные трубы. Некоторые помещения требуют ремонта, но, при желании, можно заехать и жить. Спокойный дом, тихие соседи. Все рядом: школа, детские сады, новая детская площадка, магазины, парк для прогулок. Подобрана встречная покупка. Квартира в собственности более 5 лет, один собственник. Просьба к агентам — не беспокоить.",1 неделю назад,https://www.avito.ru/sankt-peterburg/kvartiry/2-k._kvartira_457_m_25_et._8013720142?context=H4sIAAAAAAAA_wE_AMD_YToyOntzOjEzOiJsb2NhbFByaW9yaXR5IjtiOjA7czoxOiJ4IjtzOjE2OiJsMTF5bWsxZDJwd1AyVFN2Ijt9FKOVrD8AAAA
2-к. квартира,53,17 289 101₽,321 359 ₽ за м²,,Купчино,16–20 мин.,"Просторная квартира 53.8 м² в ЖК «Антверпен» от Л1 у м. Купчино.
Предлагаем уютную и светлую двухкомнатную квартиру 53.8 м² в современном жилом комплексе бизнес-класса «Антверпен» от застройщика L1. Дом расположен в престижном Фрунзенском районе, на пересечении Купчинской улицы и улицы Олега Дундича, всего 10 минут пешком от станции метро «Купчино» и 15 минут от «Дунайской».

Выгодное расположение:

— Быстрый выезд на Кад и Зсд — удобно для автомобилистов.

— Близость к ключевым транспортным арт...",,https://www.avito.ru/sankt-peterburg/kvartiry/2-k._kvartira_538_m_47_et._7504789394?context=H4sIAAAAAAAA_wE_AMD_YToyOntzOjEzOiJsb2NhbFByaW9yaXR5IjtiOjA7czoxOiJ4IjtzOjE2OiJsMTF5bWsxZDJwd1AyVFN2Ijt9FKOVrD8AAAA
Квартира-студия,24,5 100 000₽,209 016 ₽ за м²,"пос. Шушары, Новгородский пр-т, 4с1",Купчино,от 31 мин.,"Продается чистая, уютная и светлая квартира студия по адресу Санкт-Петербург, Пушкинский район, посёлок Шушары, Новгородский проспект, 4.
В квартире сделан хороший ремонт, мебелирована новой мебелью, можно въехать и жить с комфортом!
Очень красивый панорамный вид из окна, светлая сторона, комната просторная, правильной формы.

Прописка Санкт-Петербург, все магазины, школы, сады, поликлиники в пешей доступности, до метро Купчино 5 минут, рядом остановка скоростного трамвая, всегда без пробок. До ...",1 неделю назад,https://www.avito.ru/sankt-peterburg/kvartiry/kvartira-studiya_244_m_1025_et._7945891370?context=H4sIAAAAAAAA_wE_AMD_YToyOntzOjEzOiJsb2NhbFByaW9yaXR5IjtiOjA7czoxOiJ4IjtzOjE2OiJsMTF5bWsxZDJwd1AyVFN2Ijt9FKOVrD8AAAA
1-к. квартира,41,7 380 000₽,176 978 ₽ за м²,"пр-т Героев, 26к3",,,"Продажа большой, видовой однокомнатной квартиры 41 м. Кв.

- Теплая, светлая квартира благодаря юго-западному направлению окон и высокому этажу.
- Красивый вид на современную застройку Балтийской жемчужины и каналы с парком.
- Комфортабельная планировка с возможностью зонирования.
- Отличная инфраструктура (магазины, транспорт, парк, зоны для отдыха, поликлиника, школы и садики).
- Срочная продажа, быстрая сделка. Заезжай и живи, или сдавай!
- Один взрослый собственник.
- Без обременений.
- Бесп...",Вчера,https://www.avito.ru/sankt-peterburg/kvartiry/1-k._kvartira_417_m_1417_et._7908080015?context=H4sIAAAAAAAA_wE_AMD_YToyOntzOjEzOiJsb2NhbFByaW9yaXR5IjtiOjA7czoxOiJ4IjtzOjE2OiJsMTF5bWsxZDJwd1AyVFN2Ijt9FKOVrD8AAAA
1-к. квартира,32,6 950 000₽,215 839 ₽ за м²,"ул. Композиторов, 29к3",Проспект Просвещения,11–15 мин.,"В продаже ухоженная светлая квартира в 15 минутах от метро Проспект Просвещения!

- Не требует вложений в ремонт.
- Прекрасное расположение: рядом метро, школы, детские сады, вся инфраструктура.
- Много света и воздуха.
- Окна на свободное пространство: весной и летом — зелень, осенью — золото.
- Оборудованная гардеробная.
- Раздельный санузел.
- Прозрачная история, один взрослый собственник.

По всем вопросам и для записи на просмотр звоните!",3 дня назад,https://www.avito.ru/sankt-peterburg/kvartiry/1-k._kvartira_322_m_89_et._7999258934?context=H4sIAAAAAAAA_wE_AMD_YToyOntzOjEzOiJsb2NhbFByaW9yaXR5IjtiOjA7czoxOiJ4IjtzOjE2OiJsMTF5bWsxZDJwd1AyVFN2Ijt9FKOVrD8AAAA
2-к. квартира,57,10 900 000₽,189 565 ₽ за м²,"ул. Ильюшина, 6",Комендантский проспект,до 5 мин.,"Продаётся просторная двухкомнатная квартира в Приморском районе на улице Ильюшина, 6 (станцию метро видно с балкона). Кухня-гостиная — 22,9 м².

Локация:
Квартира находится в двух шагах от Комендантской площади — сердца Приморского района. Всё необходимое для активной жизни в пешей доступности:
Метро «Комендантский проспект» 5 минут спокойным шагом — подошёл, спустился, поехал.
Зсд — быстрый выезд на север или в сторону аэропорта.
Торговые центры, рестораны, фитнес, банки, медицинские центры — в...",3 дня назад,https://www.avito.ru/sankt-peterburg/kvartiry/2-k._kvartira_575_m_610_et._7977768303?context=H4sIAAAAAAAA_wE_AMD_YToyOntzOjEzOiJsb2NhbFByaW9yaXR5IjtiOjA7czoxOiJ4IjtzOjE2OiJsMTF5bWsxZDJwd1AyVFN2Ijt9FKOVrD8AAAA
1-к. квартира,34,6 395 000₽,186 988 ₽ за м²,"Русановская ул., 18к6",Обухово,от 31 мин.,"Продается светлая однокомнатная квартира 34.2 м2 с мебелью и техникой «Заходи и живи»:) 12 этаж.
Комната 15.5 м2 с вместительной гардеробной и диваном (остается),
Кухня 9 м2 с выходом на остекленную лоджию. Остается кухонный гарнитур с техникой и стол со стульями.
В парадной 4 лифта.

Фотографии соответствуют.

Рядом c жилым комплексом есть школа, детский caд, спортивный клуб, магазины, гипермаркеты, кафе, отделения почты и банков. В пешей доступности скоро открывается новая поликлиника(детское ...",3 дня назад,https://www.avito.ru/sankt-peterburg/kvartiry/1-k._kvartira_342_m_1224_et._7910528715?context=H4sIAAAAAAAA_wE_AMD_YToyOntzOjEzOiJsb2NhbFByaW9yaXR5IjtiOjA7czoxOiJ4IjtzOjE2OiJsMTF5bWsxZDJwd1AyVFN2Ijt9FKOVrD8AAAA
2-к. квартира,58,22 467 480₽,382 100 ₽ за м²,,Приморская,21–30 мин.,"Продаётся 2-комн. Квартира площадью 58.80 кв. М на 4 этаже 12 этажного дома (Корпус 2, секция 5) проекта ПИК Шкиперский 19. Светлый просторный подъезд на уровне земли, функциональная планировка, большие окна.

Жилой квартал «Шкиперский 19» возводится в историческом районе Санкт-Петербурга — на Васильевском острове. Здания высотой от 8 до 12 этажей выполнены в природных оттенках, поэтому гармонично вписываются в архитектурный ландшафт Васильевского острова.

В квартирах «Шкиперского 19» можно выб...",,https://www.avito.ru/sankt-peterburg/kvartiry/2-k._kvartira_588_m_412_et._7972961847?context=H4sIAAAAAAAA_wE_AMD_YToyOntzOjEzOiJsb2NhbFByaW9yaXR5IjtiOjA7czoxOiJ4IjtzOjE2OiJsMTF5bWsxZDJwd1AyVFN2Ijt9FKOVrD8AAAA
Квартира-студия,16 м²,3 990 000₽,249 375 ₽ за м²,"Садовая ул., 105",Балтийская,21–30 мин.,Продается очень уютная студия в центре города очень развитая инфраструктура рядом абсолютно всё что требуются для жизни для развитых молодых людей. Звоните записывайтесь на просмотр.,24 декабря 2025,https://www.avito.ru/sankt-peterburg/kvartiry/kvartira-studiya_16_m_34_et._7903708080?context=H4sIAAAAAAAA_wE_AMD_YToyOntzOjEzOiJsb2NhbFByaW9yaXR5IjtiOjA7czoxOiJ4IjtzOjE2OiJsMTF5bWsxZDJwd1AyVFN2Ijt9FKOVrD8AAAA
3-к. квартира,49,10 800 000₽,219 512 ₽ за м²,"Прибрежная ул., 2/41",Рыбацкое,11–15 мин.,"Квартира без обременений. Ипотека закрыта! К продаже предлагается светлая, видовая трехкомнатная квартира общей площадью 49.2.
Квартира с интересной планировкой. Одна из комнат зонирована, тем самым поделена на две самостоятельные комнаты. Два балкона с панорамными окнами, с потрясающим видом на Неву. Утеплены.
Изолированный санузел, заменены канализационные и водяные трубы.
Кладовая переделана в уютную гардеробную-постирочную.
В комнатах заменены батареи. В квартире выполнен качественный ремонт...",Вчера,https://www.avito.ru/sankt-peterburg/kvartiry/3-k._kvartira_492_m_716_et._7930350072?context=H4sIAAAAAAAA_wE_AMD_YToyOntzOjEzOiJsb2NhbFByaW9yaXR5IjtiOjA7czoxOiJ4IjtzOjE2OiJsMTF5bWsxZDJwd1AyVFN2Ijt9FKOVrD8AAAA
Квартира-студия,44,12 000 000₽,269 663 ₽ за м²,"Садовая ул., 59",Садовая,6–10 мин.,"Просторная студия с отличной отделкой в историческом центре!

Отличный объект как для инвестиции, так и для собственного проживания. Студия полностью готова для проживания.
Имеется мебель — кухонный гарнитур, индукционная варочная панель, холодильник, встроенный шкаф, кровать и диван, телевизор, стол и стулья, прихожая. В санузле стиральная машина.
Выполнен качественный ремонт.

Отдельный вход в студию из парадной.

Сделка через нотариуса.",24 июля 2025,https://www.avito.ru/sankt-peterburg/kvartiry/kvartira-studiya_445_m_35_et._7518973563?context=H4sIAAAAAAAA_wE_AMD_YToyOntzOjEzOiJsb2NhbFByaW9yaXR5IjtiOjA7czoxOiJ4IjtzOjE2OiJsMTF5bWsxZDJwd1AyVFN2Ijt9FKOVrD8AAAA
4-к. квартира,90,9 300 000₽,102 990 ₽ за м²,"пр-т Ударников, 18",Ладожская,от 31 мин.,"Фактически — отдельная четырех комнатная квартира с большими мопами: кухня 12.5, с/у 8.7, кладовка 2.5, две лоджии по 6 метров, одна из них застеклённая, прихожая 5.5 в сторонке от жилой зоны.
По документам — доля в коммуналке.
Есть право пользования общей кухней (если, конечно, вам надо)).

Внимание — есть детская доля. Согласие.
Органов опеки получено.
Их требования исполены!
Прямая продажа!

Отказы от всех соседей получены.
Вся другая подготовительная работа уже проведена.
Готовы на сделку ср...",24 сентября 2025,https://www.avito.ru/sankt-peterburg/kvartiry/4-k._kvartira_903_m_815_et._7634757507?context=H4sIAAAAAAAA_wE_AMD_YToyOntzOjEzOiJsb2NhbFByaW9yaXR5IjtiOjA7czoxOiJ4IjtzOjE2OiJsMTF5bWsxZDJwd1AyVFN2Ijt9FKOVrD8AAAA
Квартира-студия,22 м²,16 126 727₽,733 033 ₽ за м²,"ул. Коли Томчака, уч. 1",Московские ворота,6–10 мин.,"Дом сдан! Выдаем ключи!
Квартира №48 в Коллекционном доме «1919».
О проекте:
Коллекционный Дом «1919» представляет собой собрание лучших и эксклюзивных практик создания премиальной жилой среды в Северной столице. Проект расположен в Московском районе — уникальной локации Санкт-Петербурга, богатой историей и самой комфортной для проживания. Дом расположен в 15-ти минутах на авто от исторического центра Петербурга — Невского проспекта, Исаакиевского собора и Московского вокзала. В радиусе 1 киломе...",,https://www.avito.ru/sankt-peterburg/kvartiry/kvartira-studiya_22_m_711_et._4571719360?context=H4sIAAAAAAAA_wE_AMD_YToyOntzOjEzOiJsb2NhbFByaW9yaXR5IjtiOjA7czoxOiJ4IjtzOjE2OiJsMTF5bWsxZDJwd1AyVFN2Ijt9FKOVrD8AAAA
Апартаменты-студия,27,6 000 000₽,217 391 ₽ за м²,"ул. Хошимина, 16",Проспект Просвещения,6–10 мин.,"В прямой продаже милые и очень уютные апартаменты в современном комфортабельном апарт-отеле «Yes на Хошимина» в 5-ти минутках пешком от ст. Метро Проспект Просвещения. Видовая студия со свежим косметическим ремонтом!

Готовое решение как для собственного проживания так и для сдачи в аренду! Заезжай и живи- полностью укомплектованная мебелью и бытовой техникой просторная студия!

Закрытая территория, круглосуточная охрана и видеонаблюдение. В комплексе есть ресторан, сетевые кофейни и пекарни, са...",3 дня назад,https://www.avito.ru/sankt-peterburg/kvartiry/apartamenty-studiya_276_m_1516_et._7932779084?context=H4sIAAAAAAAA_wE_AMD_YToyOntzOjEzOiJsb2NhbFByaW9yaXR5IjtiOjA7czoxOiJ4IjtzOjE2OiJsMTF5bWsxZDJwd1AyVFN2Ijt9FKOVrD8AAAA
2-к. квартира,41,7 500 000₽,178 998 ₽ за м²,"Белградская ул., 10к2",Международная,11–15 мин.,"Ваш идеальный уголок комфорта и уюта.

Представляем вашему вниманию светлую, теплую и просторную двухкомнатную квартиру площадью 41,9 м², расположенную на 4 этаже пятиэтажного кооперативного дома. Это идеальное предложение для тех, кто ценит комфорт, приватность и качество проживания.

Почему вам понравится эта квартира?

Просторная и функциональная планировка:

Две изолированные комнаты: уютная угловая спальня 18,3 м² с прекрасным видом из окон и выходом на балкон, а также отдельная детская ком...",Вчера,https://www.avito.ru/sankt-peterburg/kvartiry/2-k._kvartira_419_m_45_et._7919935226?context=H4sIAAAAAAAA_wE_AMD_YToyOntzOjEzOiJsb2NhbFByaW9yaXR5IjtiOjA7czoxOiJ4IjtzOjE2OiJsMTF5bWsxZDJwd1AyVFN2Ijt9FKOVrD8AAAA
1-к. апартаменты,38 м²,9 386 933₽,247 025 ₽ за м²,"наб. Октябрьская, д. 56, лит. Б",Ломоносовская,16–20 мин.,"Номер квартиры: 701.

Этаж: 7.

Площадь: 37.95.

Корпус: Life Apart Октябрьская (Лайф Апарт Октябрьская). Жилой комплекс Life Apart Октябрьская является монолитно-кирпичным зданием. Застройщик предлагает апартаменты с разнообразными планировками, выполненные с чистовой отделкой, что позволяет будущим владельцам сразу приступить к созданию комфортного интерьера. Ближайшая станция метро находится в шаговой доступности, обеспечивая удобный доступ к различным частям города. Важной отличительной особ...",,https://www.avito.ru/sankt-peterburg/kvartiry/1-k._apartamenty_38_m_713_et._7617952302?context=H4sIAAAAAAAA_wE_AMD_YToyOntzOjEzOiJsb2NhbFByaW9yaXR5IjtiOjA7czoxOiJ4IjtzOjE2OiJsMTF5bWsxZDJwd1AyVFN2Ijt9FKOVrD8AAAA
Квартира-студия,30 м²,6 500 000₽,216 667 ₽ за м²,"Плесецкая ул., 20к1",Комендантский проспект,от 31 мин.,"Арт. 131953930 Студия 30,01 м² с качественным ремонтом и видом на Лахта Центр в ЖК Чистое Небо.

Продажа Без Комиссии.

Одобрение Ипотеки В Подарок.

Возможен Трейд-ИН.

Звоните, записывайтесь на просмотр.

Продаётся просторная студия в Приморском районе (ЖК «Чистое Небо»). Полностью готова к заселению — заезжай и живи!

Квартира:
Общая площадь 30,01 м² (жилая 18,08 м² + прихожая/кухня + лоджия).
Грамотное зонирование без перепланировок. Эффект отдельной кухни и спальни.
Качественный ремонт, вып...",Вчера,https://www.avito.ru/sankt-peterburg/kvartiry/kvartira-studiya_30_m_2225_et._7977340208?context=H4sIAAAAAAAA_wE_AMD_YToyOntzOjEzOiJsb2NhbFByaW9yaXR5IjtiOjA7czoxOiJ4IjtzOjE2OiJsMTF5bWsxZDJwd1AyVFN2Ijt9FKOVrD8AAAA
1-к. квартира,30,6 000 000₽,196 078 ₽ за м²,"пр-т Народного Ополчения, 185",Проспект Ветеранов,от 31 мин.,"Продается 1-к квартира в 15 минутах от метро «пр. Ветеранов», 5 мин. До жд. Станции «Ульянка».
Хорошая транспортная доступность, все необходимое для комфортной жизни в шаговой доступности.

О квартире:
- Площадь 30,6м.
- Жилая 17,2м.
- Кухня — 5,5м.
- Комната — 17,2м. + балкон.

В шаговой доступности:
Сетевые продуктовые магазины.
5 детских садов, 3 школы, лицей.
Морская академия, колледж водных ресурсов.
Спортивный комплекс «Нарвская застава».
Поликлиника.

Прямая продажа, 1 взрослый собственни...",Вчера,https://www.avito.ru/sankt-peterburg/kvartiry/1-k._kvartira_306_m_25_et._7892331289?context=H4sIAAAAAAAA_wE_AMD_YToyOntzOjEzOiJsb2NhbFByaW9yaXR5IjtiOjA7czoxOiJ4IjtzOjE2OiJsMTF5bWsxZDJwd1AyVFN2Ijt9FKOVrD8AAAA
1-к. квартира,36,6 499 000₽,177 084 ₽ за м²,"пос. Шушары, Школьная ул., 17",Купчино,от 31 мин.,"Продаётся уютная 1-комнатная квартира в новом доме с ремонтом!

О Квартире:
- Современный ремонт.
- Полная стоимость в договоре.
- Один собственник.
- Квартира идеально подходит как для собственного проживания, так и для сдачи в аренду.

О Доме:
- Новое здание 2020 года.
- Монолитная технология строительства.
- Подземный паркинг.
- Два лифта в парадной.

О Районе и ОБ Инфраструктуре:
- Развивающийся район с удобной инфраструктурой.
- Тихая и спокойная обстановка.
- В шаговой доступности различны...",3 дня назад,https://www.avito.ru/sankt-peterburg/kvartiry/1-k._kvartira_367_m_416_et._7961703644?context=H4sIAAAAAAAA_wE_AMD_YToyOntzOjEzOiJsb2NhbFByaW9yaXR5IjtiOjA7czoxOiJ4IjtzOjE2OiJsMTF5bWsxZDJwd1AyVFN2Ijt9FKOVrD8AAAA
1-к. квартира,29,6 280 000₽,214 334 ₽ за м²,"пр-т Славы, 37",Проспект Славы,до 5 мин.,"Продаётся 1-комнатная квартира 29 м² в Санкт-Петербурге: пр. Славы, д. 37.
3 этаж / 9, панельный дом 504 серии, газ.
Окна на юг — квартира светлая, и при этом выходят в тихий зелёный двор (без шума магистралей). До м. «Проспект Славы» 5–6 минут пешком.

Планировка: комната 15 м², кухня 7 м², санузел раздельный.
Трубы заменены.
Главное преимущество — квартира уже подготовлена к ремонту.

Полностью освобождена от мебели.
Сняты старые покрытия (обои/кафель), всё вынесено.
Выполнено обеспыливание ст...",3 дня назад,https://www.avito.ru/sankt-peterburg/kvartiry/1-k._kvartira_293_m_39_et._7961093632?context=H4sIAAAAAAAA_wE_AMD_YToyOntzOjEzOiJsb2NhbFByaW9yaXR5IjtiOjA7czoxOiJ4IjtzOjE2OiJsMTF5bWsxZDJwd1AyVFN2Ijt9FKOVrD8AAAA
Квартира-студия,28,4 980 000₽,172 917 ₽ за м²,"пос. Шушары, Окуловская ул., 13",Купчино,от 31 мин.,"ЖК «Алексеевский квартал» восемь 14 -12 этажных домов комфорт класса в Шушарах, Пушкинский район, Санкт-Петербург. Три здания башенного типа и пять корпусов многосекционные. Строительство ведется в несколько этапов. Участок ограничен улицей Школьная, проспектами Новгородский и Старорусский. Из собственной инфраструктуры в квартале построена школа на 1100 мест с бассейном и стадионом, детский сад, библиотека, читальный зал, досуговый центр. На первых этажах предусмотрена коммерческая недвижимость...",Вчера,https://www.avito.ru/sankt-peterburg/kvartiry/kvartira-studiya_288_m_514_et._7939614351?context=H4sIAAAAAAAA_wE_AMD_YToyOntzOjEzOiJsb2NhbFByaW9yaXR5IjtiOjA7czoxOiJ4IjtzOjE2OiJsMTF5bWsxZDJwd1AyVFN2Ijt9FKOVrD8AAAA
1-к. квартира,34,10 250 000₽,299 708 ₽ за м²,"ул. Архивная, д. 6, корп. 2",Проспект Большевиков,21–30 мин.,"Продам уютную однокомнатную квартиру по переуступке!

Ключи уже в сентябре 2026 года!

Однокомнатная квартира в корпусе 4.2 ЖК Пульс Премьер на 11 этаже, общей площадью 32,31 кв. М. Высокие потолки (2,77 м), балкон и раздельный сан. Узел. Вид из окон в тихий благоустроенный двор.

Сдается с качественной чистовой отделкой.

Хорошая транспортная доступность: 10 — 15 минут на транспорте До метро Новочеркасская, пр. Большевиков и ул. Дыбенко! 10 минут на машине до центра города 15 минут на машине до...",,https://www.avito.ru/sankt-peterburg/kvartiry/1-k._kvartira_342_m_1121_et._7878022429?context=H4sIAAAAAAAA_wE_AMD_YToyOntzOjEzOiJsb2NhbFByaW9yaXR5IjtiOjA7czoxOiJ4IjtzOjE2OiJsMTF5bWsxZDJwd1AyVFN2Ijt9FKOVrD8AAAA
Квартира-студия,25 м²,7 800 000₽,312 000 ₽ за м²,"Большая Конюшенная ул., 13",Невский проспект,6–10 мин.,"В продаже квартира мечты в самом центре Петербурга в двух шагах от Невского проспекта.

Дорогие друзья, рад вас приветствовать!

Просто напишите или скажите по телефону кодовую фразу: «Хочу Каталог».

Чтобы я подготовил для вас полную финансовую модель и варианты управления.

Сегодня в моем фокусе — особенный лот. Не просто объект, а ключ к обновленному образу жизни или умным инвестициям.

Для кого это идеально?

— Студенту: Независимость и безопасность в шаге от лучших вузов.

— Молодому профес...",3 дня назад,https://www.avito.ru/sankt-peterburg/kvartiry/kvartira-studiya_25_m_35_et._7889300959?context=H4sIAAAAAAAA_wE_AMD_YToyOntzOjEzOiJsb2NhbFByaW9yaXR5IjtiOjA7czoxOiJ4IjtzOjE2OiJsMTF5bWsxZDJwd1AyVFN2Ijt9FKOVrD8AAAA
2-к. квартира,47 м²,6 500 000₽,138 298 ₽ за м²,"ул. Партизана Германа, 9к2",Проспект Ветеранов,от 31 мин.,"Агентам не беспокоить!
Продается двухкомнатная квартира в пятиэтажном доме в тихом спальном районе.
Продажа — легкая альтернатива (подбираем самостоятельно Кудрово НО), варианты есть!
Отличные документы: Приватизация 2000 года, три взрослых собственника, продажа лично.
Параметры квартиры: Общая площадь 47 м2; Комнаты: 20,3 м2, 10,6 м2 ; Кухня: 5,6 м2 ; Комнаты в квартире изолированные, санузел раздельный. Есть застекленная лоджия. Свежий косметический ремонт. Зеленый тихий двор, достаточно парко...",7 дней назад,https://www.avito.ru/sankt-peterburg/kvartiry/2-k._kvartira_47_m_45_et._7998922481?context=H4sIAAAAAAAA_wE_AMD_YToyOntzOjEzOiJsb2NhbFByaW9yaXR5IjtiOjA7czoxOiJ4IjtzOjE2OiJsMTF5bWsxZDJwd1AyVFN2Ijt9FKOVrD8AAAA
Квартира-студия,23 м²,4 700 000₽,204 348 ₽ за м²,"Старорусская ул., 5/3",Площадь А. Невского I,11–15 мин.,"Пpoдaeтcя квaртира-студия в истоpичеcком центpe Cанкт-Петeрбуpгa, в дoxoдном доме Пoлeжаева.

Площадь кoмнаты 17.1 кв м, площадь второго яpуca 7 кв м. Bыcотa пoтолкa 3.6м.

Юpидичecки-это кoмнaтa в коммунальной квaртиpe, a фактичecки-отдeльнaя квартира- студия, oбоpудoваннaя всeм нeoбхoдимым для проживания: собственным санузлом(ванна, унитаз, стиральная машина), кухонной зоной(холодильник, стол, плита), большим шкафом, диваном, телевизором. Вся мебель и техника остаются будущим собственникам. То...",3 дня назад,https://www.avito.ru/sankt-peterburg/kvartiry/kvartira-studiya_23_m_57_et._7973557777?context=H4sIAAAAAAAA_wE_AMD_YToyOntzOjEzOiJsb2NhbFByaW9yaXR5IjtiOjA7czoxOiJ4IjtzOjE2OiJsMTF5bWsxZDJwd1AyVFN2Ijt9FKOVrD8AAAA
Квартира-студия,23,3 400 000₽,144 068 ₽ за м²,"д. Куттузи, Уланская ул., 3",,,"Пpодаeтcя уютнaя квaртира студия в тихoм рaйонe.
Окно нa солнeчную cтopoну до обеда. Окно выходит в поле. Одним словом природа, красота и тишина!
Супермаркеты, школа и детские сады, поликлиника в 10 минутах в шаговой доступности.
В квартире никто не прописан, один собственник, без ипотек, обременений, без вложений мат. Капитала. Из мебели имеется кухонный гарнитур, шкаф, кровать. Можно заехать и жить спокойно.
Дом находится рядом с Красным Селом.
Рядом с домом автобусная остановка.",Вчера,https://www.avito.ru/sankt-peterburg/kvartiry/kvartira-studiya_236_m_912_et._7910271205?context=H4sIAAAAAAAA_wE_AMD_YToyOntzOjEzOiJsb2NhbFByaW9yaXR5IjtiOjA7czoxOiJ4IjtzOjE2OiJsMTF5bWsxZDJwd1AyVFN2Ijt9FKOVrD8AAAA
1-к. квартира,34,5 076 416₽,147 570 ₽ за м²,,,,"Каково это — быть аристократом? Читать новый роман на зеленой аллее, приглашать друзей на променад в живописный парк и любоваться фасадами роскошных дворцов. А вечером собираться в город — на светское мероприятие в самом центре Петербурга.
Чтобы воплотить мечту, вам не нужна машина времени. Достаточно лишь поселиться в комфортном жилом комплексе «Квартал Лаголово» в Ломоносовском районе Ленинградской области — в окружении парков и дворцовых ансамблей.

Расположение, транспортная доступность.
До ...",,https://www.avito.ru/sankt-peterburg_krasnoye_selo/kvartiry/1-k._kvartira_344_m_111_et._7920787000?context=H4sIAAAAAAAA_wE_AMD_YToyOntzOjEzOiJsb2NhbFByaW9yaXR5IjtiOjA7czoxOiJ4IjtzOjE2OiJsMTF5bWsxZDJwd1AyVFN2Ijt9FKOVrD8AAAA
1-к. квартира,33 м²,9 580 000₽,290 303 ₽ за м²,"Наличная ул., 45к1",Приморская,6–10 мин.,"Хорошая однушка у метро Приморская. Престижный район.

Произведена замена всех коммуникаций (трубы, электрика, батареи, окна).
Без перепланировок!
В коридоре есть ниша под гардеробную.

4 минуты до м. Приморская. До центра 15 минут. Стадион, парки, 1 остановка на метро. На машине любой конец города в 30 минутной доступности.
В пешей доступности залив с шикарными закатами.

В чем конкурентное преимущество, от квартир в этом районе?
-стоимость уже с ремонтом и мебелью (экономия от 1,5млн. Руб.).
-...",3 дня назад,https://www.avito.ru/sankt-peterburg/kvartiry/1-k._kvartira_33_m_49_et._7973704965?context=H4sIAAAAAAAA_wE_AMD_YToyOntzOjEzOiJsb2NhbFByaW9yaXR5IjtiOjA7czoxOiJ4IjtzOjE2OiJsMTF5bWsxZDJwd1AyVFN2Ijt9FKOVrD8AAAA
Квартира-студия,25,8 700 163₽,335 914 ₽ за м²,,Елизаровская,от 31 мин.,"Продается просторная студия от застройщика в жилом комплексе «Сэтл Ривьера» в активно развивающимся Невском районе.

До метро можно добраться на транспорте всего за 10 минут.

Удобная, классическая, функциональная европланировка, просторная прихожая 4.28 м². Общая площадь студии — 25.91 м², жилая — 18.14 м², высота потолка 2.77 м.

Квартира продается с отделкой «Норд Лайн светлый плюс».

Что особенного в ЖК «Сэтл Ривьера»?

Первая береговая линия Невы. 5 км до центра Петербурга.
«Активити парк» ...",,https://www.avito.ru/sankt-peterburg/kvartiry/kvartira-studiya_259_m_317_et._7892666229?context=H4sIAAAAAAAA_wE_AMD_YToyOntzOjEzOiJsb2NhbFByaW9yaXR5IjtiOjA7czoxOiJ4IjtzOjE2OiJsMTF5bWsxZDJwd1AyVFN2Ijt9FKOVrD8AAAA
1-к. квартира,29 м²,5 799 900₽,199 997 ₽ за м²,"ул. Евдокима Огнева, 10к1",Улица Дыбенко,16–20 мин.,"В продаже однокомнатная квартира 29 м. Кв.
Тёплая, уютная, никогда не курили и следили за чистотой и порядком.
-Комната 16 м.
-Кузня 7 м.
-Этаж 4 из 5.
-Свежие стеклопакеты, частично остается мебель.
На полу ламинат, ремонт удовлетворительный, можно сразу заезжать и жить.
Во дворе садик и совсем рядом школа.
Все социальные инфраструктуры в пешей доступности.
До метро Дыбенко 1 км., 15 минут пешком или две остановки на трамвае.
Один взрослый собственник, без долгов и обременений!
Будет встречная ...",Вчера,https://www.avito.ru/sankt-peterburg/kvartiry/1-k._kvartira_29_m_45_et._7890288847?context=H4sIAAAAAAAA_wE_AMD_YToyOntzOjEzOiJsb2NhbFByaW9yaXR5IjtiOjA7czoxOiJ4IjtzOjE2OiJsMTF5bWsxZDJwd1AyVFN2Ijt9FKOVrD8AAAA
Апартаменты-студия,29,6 479 999₽,221 160 ₽ за м²,"пр-т Заневский, д. 65А",Ладожская,6–10 мин.,"Продается апартамент-студия на 9-м этаже в сданном Апарт-комплексе бизнес-класса «glorax Заневский». Ключи сразу! Общая площадь лота составляет 29,64 кв. М, из которых 25,20 кв. М отведено под жилую. Номер апартамента — 926.

Преимущества:
- Полная чистовая отделка.
- Возможность покупки меблировка и техника.
- Вход по ключ-карте.
- Прачечная на 1 этаже.
- Возможность дозаказа отельного сервиса.
- Программы доходности.
- Летний бар и променад.
- Воркаут площадка.
- Pet-friendly.

Апартаменты «gl...",,https://www.avito.ru/sankt-peterburg/kvartiry/apartamenty-studiya_293_m_915_et._4004088229?context=H4sIAAAAAAAA_wE_AMD_YToyOntzOjEzOiJsb2NhbFByaW9yaXR5IjtiOjA7czoxOiJ4IjtzOjE2OiJsMTF5bWsxZDJwd1AyVFN2Ijt9FKOVrD8AAAA
Квартира-студия,22 м²,4 990 000₽,226 818 ₽ за м²,"наб. реки Фонтанки, 56",Достоевская,до 5 мин.,"1705479 Санкт-Петербург, Центральный район,
Набережная Фонтанки, дом 56, ст. Метро: Владимирская, Достоевского.

Вашему вниманию предлагается уютная 2-х этажная студия, общ. Пл. 22 кв. М., по полу 18 кв. М., совмещенный сан. Узел, высота потолков — 3.35 м., на 2-м этаже 5-и этажного кирпичного дома. В историческом районе Петербурга, в Центральном.

Студия готова, все как на фото, вид после ремонта. Выполнен качественный ремонт с соблюдением всех технологий внутренней отделки, качественные матери...",16 января 17:03,https://www.avito.ru/sankt-peterburg/kvartiry/kvartira-studiya_22_m_25_et._7856768187?context=H4sIAAAAAAAA_wE_AMD_YToyOntzOjEzOiJsb2NhbFByaW9yaXR5IjtiOjA7czoxOiJ4IjtzOjE2OiJsMTF5bWsxZDJwd1AyVFN2Ijt9FKOVrD8AAAA
1-к. квартира,30,8 300 000₽,268 608 ₽ за м²,"Пахомовская ул., 12к2",Академическая,от 31 мин.,"Продам 1 комнатную новую квартиру от собственника, полностью меблированная. Квартира не сдавалась и никто не жил.",Вчера,https://www.avito.ru/sankt-peterburg/kvartiry/1-k._kvartira_309_m_1225_et._7961061935?context=H4sIAAAAAAAA_wE_AMD_YToyOntzOjEzOiJsb2NhbFByaW9yaXR5IjtiOjA7czoxOiJ4IjtzOjE2OiJsMTF5bWsxZDJwd1AyVFN2Ijt9FKOVrD8AAAA
3-к. квартира,65,12 458 649₽,190 208 ₽ за м²,,,,"Есть такие места, где хочется остаться навсегда: где за окном шумят вершины деревьев, а до бьющего ключом ритма большого города — всего полчаса пути. Таким местом станет для вас квартал «Новое Колпино» в зеленом районе Петербурга.

Здесь можно проводить ребенка в школу, не выходя со двора, а вечером гулять по тихим бульварам. Любоваться бескрайним небом, закатами и рассветами на уютном балконе — так начинается день в этом спокойном семейном квартале.

Транспортная доступность.
До станции метро «...",,https://www.avito.ru/sankt-peterburg_kolpino/kvartiry/3-k._kvartira_655_m_911_et._7920401011?context=H4sIAAAAAAAA_wE_AMD_YToyOntzOjEzOiJsb2NhbFByaW9yaXR5IjtiOjA7czoxOiJ4IjtzOjE2OiJsMTF5bWsxZDJwd1AyVFN2Ijt9FKOVrD8AAAA
1-к. квартира,36 м²,5 800 000₽,161 111 ₽ за м²,"пос. Парголово, Тихоокеанская ул., 1к1",,,"Уютная 1-комнатная квартира в Парголово! Новый дом, полная готовность к жизни!

Готовы переехать сразу? Ваша идеальная квартира ждет вас!

Современная однокомнатная квартира 36 м² в перспективном районе Парголово. Не нужно ничего докупать и ремонтировать — просто заезжайте и начинайте жить с комфортом!

Ключевые преимущества:
Полная комплектация: Вся необходимая бытовая техника уже установлена (холодильник, плита, стиральная машина). Осталось привезти только личные вещи!

Новостройка 2017 года: ...",2 декабря 2025,https://www.avito.ru/sankt-peterburg/kvartiry/1-k._kvartira_36_m_1025_et._7817505059?context=H4sIAAAAAAAA_wE_AMD_YToyOntzOjEzOiJsb2NhbFByaW9yaXR5IjtiOjA7czoxOiJ4IjtzOjE2OiJsMTF5bWsxZDJwd1AyVFN2Ijt9FKOVrD8AAAA
Квартира-студия,35 м²,8 890 000₽,254 000 ₽ за м²,"Каменноостровский пр-т, 38/96",Петроградская,до 5 мин.,"Продается квартира-студия в одной из самых престижных локаций города. Все фото реальные, вся мебель остается новому хозяину!).

До метро идти менее 1 минуты, закрытая парковка во дворе, всегда есть свободные места!

В доме есть пассажирский лифт. Только после ремонта, все новое, никто не жил. Высокие потолки 3,4 м, спальное место на втором ярусе. Сан. Узел в качественной плитке, установлен водонагреватель. Общая площадь 35м2, пр полу 27.2м2 подходит как для жизни, так и для выгодной сдачи в арен...",26 января 11:43,https://www.avito.ru/sankt-peterburg/kvartiry/kvartira-studiya_35_m_66_et._7866262685?context=H4sIAAAAAAAA_wE_AMD_YToyOntzOjEzOiJsb2NhbFByaW9yaXR5IjtiOjA7czoxOiJ4IjtzOjE2OiJsMTF5bWsxZDJwd1AyVFN2Ijt9FKOVrD8AAAA
2-к. квартира,54,11 250 000₽,205 667 ₽ за м²,"Малая Балканская ул., 60к1",Дунайская,16–20 мин.,"Квартира после полного капитального ремонта.
Заменены окна, двери, радиаторы, все трубы и электропроводка.
На полу кварц винил.
На стенах обои.

Дом Тсж, всегда чисто и порядок.

Отличная локация и удобная транспортная доступность.
Во дворе школа, детский сад и лицей.

До метро 10-15 мин пешком.

Прямая продажа от собственника.
Без обременений.
Никто не прописан и не живёт.

В помощи агентов не нуждаюсь.",3 дня назад,https://www.avito.ru/sankt-peterburg/kvartiry/2-k._kvartira_547_m_212_et._8001790533?context=H4sIAAAAAAAA_wE_AMD_YToyOntzOjEzOiJsb2NhbFByaW9yaXR5IjtiOjA7czoxOiJ4IjtzOjE2OiJsMTF5bWsxZDJwd1AyVFN2Ijt9FKOVrD8AAAA
1-к. квартира,35,6 000 185₽,169 497 ₽ за м²,,Рыбацкое,от 31 мин.,"Продается просторная 1-комнатная квартира от застройщика в жилом комплексе «Город звезд» в новом городе на правом берегу Невы.

До метро можно добраться на транспорте всего за 13 минут.

Удобная, классическая, функциональная европланировка, большая кухня-гостиная 17.04 м², вместительная прихожая 3.92 м². Общая площадь квартиры — 35.35 м², жилая — 10.24 м², высота потолка 2.77 м.

Квартира продается с отделкой «Норд Лайн светлый».

Что особенного в ЖК «Город звезд»?

Инновационный Лицей Setl с ор...",,https://www.avito.ru/sankt-peterburg/kvartiry/1-k._kvartira_354_m_712_et._7892709980?context=H4sIAAAAAAAA_wE_AMD_YToyOntzOjEzOiJsb2NhbFByaW9yaXR5IjtiOjA7czoxOiJ4IjtzOjE2OiJsMTF5bWsxZDJwd1AyVFN2Ijt9FKOVrD8AAAA
3-к. квартира,56,8 300 000₽,146 643 ₽ за м²,"Пискарёвский пр-т, 56к1",Академическая,от 31 мин.,"Продается трёхкомнатная квартира на Пискаревском проспекте, дом 56 корпус 1 (Калининский район).

В квартире установлены новые окна, заменены радиаторы отопления, выполнена новая разводка труб в санузлах.
· Общая площадь: 56,6 кв. М.
· Жилая площадь: 35,9 кв. М.
Комнаты смежно-изолированные. Просторная кухня-гостиная (15 кв. М) — отличное место для семейных вечеров или приема гостей.
Санузел раздельный. Лоджия застекленная, с выполненной внутренней отделкой.
В квартире чисто, светло и аккуратно....",Вчера,https://www.avito.ru/sankt-peterburg/kvartiry/3-k._kvartira_566_m_25_et._7901216112?context=H4sIAAAAAAAA_wE_AMD_YToyOntzOjEzOiJsb2NhbFByaW9yaXR5IjtiOjA7czoxOiJ4IjtzOjE2OiJsMTF5bWsxZDJwd1AyVFN2Ijt9FKOVrD8AAAA
