type,space,price,area_price,address,metro,time_to_metro,date,source
2-к. квартира,72,19 150 000₽,265235²,"Серебристый б-р, 18к1",Пионерская,11–15 мин.,19 ноября 2025,https://www.avito.ru/sankt-peterburg/kvartiry/2-k._kvartira_722_m_26_et._7771553054?context=H4sIAAAAAAAA_wE_AMD_YToyOntzOjEzOiJsb2NhbFByaW9yaXR5IjtiOjA7czoxOiJ4IjtzOjE2OiJ1a0drdWljdFMxc3Y3aXo4Ijt9BTBilT8AAAA
3-к. квартира,81 м²,16 000 000₽,197531²,"городской пос. Новоселье, Питерский пр-т, 1",,,24 апреля 2025,https://www.avito.ru/sankt-peterburg/kvartiry/3-k._kvartira_81_m_59_et._7330546422?context=H4sIAAAAAAAA_wE_AMD_YToyOntzOjEzOiJsb2NhbFByaW9yaXR5IjtiOjA7czoxOiJ4IjtzOjE2OiJ1a0drdWljdFMxc3Y3aXo4Ijt9BTBilT8AAAA
1-к. квартира,34 м²,5 500 000₽,161765²,,,,3 недели назад,https://www.avito.ru/sankt-peterburg_kolpino/kvartiry/1-k._kvartira_34_m_114_et._7906471889?context=H4sIAAAAAAAA_wE_AMD_YToyOntzOjEzOiJsb2NhbFByaW9yaXR5IjtiOjA7czoxOiJ4IjtzOjE2OiJ1a0drdWljdFMxc3Y3aXo4Ijt9BTBilT8AAAA
Своб. планировка,211 м²,11 990 000₽,56825²,,Рыбацкое,от 31 мин.,7 дней назад,https://www.avito.ru/sankt-peterburg/kvartiry/svob._planirovka_211_m_13_et._7910437238?context=H4sIAAAAAAAA_wE_AMD_YToyOntzOjEzOiJsb2NhbFByaW9yaXR5IjtiOjA7czoxOiJ4IjtzOjE2OiJ1a0drdWljdFMxc3Y3aXo4Ijt9BTBilT8AAAA
3-к. квартира,72,12 000 000₽,165517²,"пр-т Маршала Жукова, 18Г",Юго-Западная,6–10 мин.,3 октября 2025,https://www.avito.ru/sankt-peterburg/kvartiry/3-k._kvartira_725_m_516_et._7633072004?context=H4sIAAAAAAAA_wE_AMD_YToyOntzOjEzOiJsb2NhbFByaW9yaXR5IjtiOjA7czoxOiJ4IjtzOjE2OiJ1a0drdWljdFMxc3Y3aXo4Ijt9BTBilT8AAAA
1-к. квартира,36 м²,10 200 000₽,283333²,"Опочинина ул., 27",Горный институт,16–20 мин.,4 октября 2025,https://www.avito.ru/sankt-peterburg/kvartiry/1-k._kvartira_36_m_66_et._7672833901?context=H4sIAAAAAAAA_wE_AMD_YToyOntzOjEzOiJsb2NhbFByaW9yaXR5IjtiOjA7czoxOiJ4IjtzOjE2OiJ1a0drdWljdFMxc3Y3aXo4Ijt9BTBilT8AAAA
3-к. квартира,106,68 500 000₽,641386²,"Лодейнопольская ул., 7",Чкаловская,6–10 мин.,24 ноября 2025,https://www.avito.ru/sankt-peterburg/kvartiry/3-k._kvartira_1068_m_89_et._7817197135?context=H4sIAAAAAAAA_wE_AMD_YToyOntzOjEzOiJsb2NhbFByaW9yaXR5IjtiOjA7czoxOiJ4IjtzOjE2OiJ1a0drdWljdFMxc3Y3aXo4Ijt9BTBilT8AAAA
3-к. квартира,100,41 800 000₽,415920²,"Измайловский б-р, 9",Балтийская,11–15 мин.,20 января 21:26,https://www.avito.ru/sankt-peterburg/kvartiry/3-k._kvartira_1005_m_1618_et._7897080491?context=H4sIAAAAAAAA_wE_AMD_YToyOntzOjEzOiJsb2NhbFByaW9yaXR5IjtiOjA7czoxOiJ4IjtzOjE2OiJ1a0drdWljdFMxc3Y3aXo4Ijt9BTBilT8AAAA
Квартира-студия,24,5 250 000₽,213415²,,,,,https://www.avito.ru/sankt-peterburg/kvartiry/kvartira-studiya_246_m_25_et._7900581799?context=H4sIAAAAAAAA_wGIAHf_YTo0OntzOjEzOiJsb2NhbFByaW9yaXR5IjtiOjA7czozOiJzcmMiO3M6MTk6Iml0ZW1zQ2Fyb3VzZWxXaWRnZXQiO3M6MTE6IndpZGdldFRpdGxlIjtOO3M6MToieCI7czozMToicTY2OTR5dWZzaDRybjc2cjJ1Y2VvM2syb3hiOXZociI7feBZoiiIAAAA
Апартаменты-студия,27,6 800 000₽,245487²,,,,,https://www.avito.ru/sankt-peterburg/kvartiry/apartamenty-studiya_277_m_724_et._7879852174?context=H4sIAAAAAAAA_wGIAHf_YTo0OntzOjEzOiJsb2NhbFByaW9yaXR5IjtiOjA7czozOiJzcmMiO3M6MTk6Iml0ZW1zQ2Fyb3VzZWxXaWRnZXQiO3M6MTE6IndpZGdldFRpdGxlIjtOO3M6MToieCI7czozMToicTY2OTR5dWZzaDRybjc2cjJ1Y2VvM2syb3hiOXZociI7feBZoiiIAAAA
Квартира-студия,24 м²,4 649 000₽,193708²,,,,,https://www.avito.ru/sankt-peterburg/kvartiry/kvartira-studiya_24_m_1112_et._4542905758?context=H4sIAAAAAAAA_wGIAHf_YTo0OntzOjEzOiJsb2NhbFByaW9yaXR5IjtiOjA7czozOiJzcmMiO3M6MTk6Iml0ZW1zQ2Fyb3VzZWxXaWRnZXQiO3M6MTE6IndpZGdldFRpdGxlIjtOO3M6MToieCI7czozMToicTY2OTR5dWZzaDRybjc2cjJ1Y2VvM2syb3hiOXZociI7feBZoiiIAAAA
1-к. квартира,40,5 600 000₽,138614²,,,,,https://www.avito.ru/sankt-peterburg/kvartiry/1-k._kvartira_404_m_1823_et._7897062848?context=H4sIAAAAAAAA_wGIAHf_YTo0OntzOjEzOiJsb2NhbFByaW9yaXR5IjtiOjA7czozOiJzcmMiO3M6MTk6Iml0ZW1zQ2Fyb3VzZWxXaWRnZXQiO3M6MTE6IndpZGdldFRpdGxlIjtOO3M6MToieCI7czozMToicTY2OTR5dWZzaDRybjc2cjJ1Y2VvM2syb3hiOXZociI7feBZoiiIAAAA
Апартаменты-студия,27,5 847 000₽,211848²,,,,,https://www.avito.ru/sankt-peterburg/kvartiry/apartamenty-studiya_276_m_1016_et._7343330845?context=H4sIAAAAAAAA_wGIAHf_YTo0OntzOjEzOiJsb2NhbFByaW9yaXR5IjtiOjA7czozOiJzcmMiO3M6MTk6Iml0ZW1zQ2Fyb3VzZWxXaWRnZXQiO3M6MTE6IndpZGdldFRpdGxlIjtOO3M6MToieCI7czozMToicTY2OTR5dWZzaDRybjc2cjJ1Y2VvM2syb3hiOXZociI7feBZoiiIAAAA
1-к. квартира,43,17 380 000₽,397712²,,,,,https://www.avito.ru/sankt-peterburg/kvartiry/1-k._kvartira_437_m_79_et._4590665352?context=H4sIAAAAAAAA_wGIAHf_YTo0OntzOjEzOiJsb2NhbFByaW9yaXR5IjtiOjA7czozOiJzcmMiO3M6MTk6Iml0ZW1zQ2Fyb3VzZWxXaWRnZXQiO3M6MTE6IndpZGdldFRpdGxlIjtOO3M6MToieCI7czozMToicTY2OTR5dWZzaDRybjc2cjJ1Y2VvM2syb3hiOXZociI7feBZoiiIAAAA
Квартира-студия,21,9 500 000₽,433790²,,,,,https://www.avito.ru/sankt-peterburg/kvartiry/kvartira-studiya_219_m_1313_et._7819759261?context=H4sIAAAAAAAA_wGIAHf_YTo0OntzOjEzOiJsb2NhbFByaW9yaXR5IjtiOjA7czozOiJzcmMiO3M6MTk6Iml0ZW1zQ2Fyb3VzZWxXaWRnZXQiO3M6MTE6IndpZGdldFRpdGxlIjtOO3M6MToieCI7czozMToicTY2OTR5dWZzaDRybjc2cjJ1Y2VvM2syb3hiOXZociI7feBZoiiIAAAA
Квартира-студия,26,5 690 000₽,211524²,,,,,https://www.avito.ru/sankt-peterburg/kvartiry/kvartira-studiya_269_m_810_et._7728061664?context=H4sIAAAAAAAA_wGIAHf_YTo0OntzOjEzOiJsb2NhbFByaW9yaXR5IjtiOjA7czozOiJzcmMiO3M6MTk6Iml0ZW1zQ2Fyb3VzZWxXaWRnZXQiO3M6MTE6IndpZGdldFRpdGxlIjtOO3M6MToieCI7czozMToicTY2OTR5dWZzaDRybjc2cjJ1Y2VvM2syb3hiOXZociI7feBZoiiIAAAA
Квартира-студия,22,4 500 000₽,198238²,,,,,https://www.avito.ru/sankt-peterburg/kvartiry/kvartira-studiya_227_m_612_et._7774239579?context=H4sIAAAAAAAA_wGIAHf_YTo0OntzOjEzOiJsb2NhbFByaW9yaXR5IjtiOjA7czozOiJzcmMiO3M6MTk6Iml0ZW1zQ2Fyb3VzZWxXaWRnZXQiO3M6MTE6IndpZGdldFRpdGxlIjtOO3M6MToieCI7czozMToicTY2OTR5dWZzaDRybjc2cjJ1Y2VvM2syb3hiOXZociI7feBZoiiIAAAA
1-к. квартира,34,11 200 000₽,326531²,,,,,https://www.avito.ru/sankt-peterburg/kvartiry/1-k._kvartira_343_m_812_et._7663767966?context=H4sIAAAAAAAA_wGIAHf_YTo0OntzOjEzOiJsb2NhbFByaW9yaXR5IjtiOjA7czozOiJzcmMiO3M6MTk6Iml0ZW1zQ2Fyb3VzZWxXaWRnZXQiO3M6MTE6IndpZGdldFRpdGxlIjtOO3M6MToieCI7czozMToicTY2OTR5dWZzaDRybjc2cjJ1Y2VvM2syb3hiOXZociI7feBZoiiIAAAA
2-к. квартира,90,41 900 000₽,463496²,"Черниговская ул., 17",Московские ворота,11–15 мин.,Вчера,https://www.avito.ru/sankt-peterburg/kvartiry/2-k._kvartira_904_m_312_et._7919969249?context=H4sIAAAAAAAA_wE_AMD_YToyOntzOjEzOiJsb2NhbFByaW9yaXR5IjtiOjA7czoxOiJ4IjtzOjE2OiJ1a0drdWljdFMxc3Y3aXo4Ijt9BTBilT8AAAA
1-к. квартира,32,13 800 000₽,427245²,"Манчестерская ул., 5к1",Удельная,16–20 мин.,15 ноября 2025,https://www.avito.ru/sankt-peterburg/kvartiry/1-k._kvartira_323_m_910_et._7757968894?context=H4sIAAAAAAAA_wE_AMD_YToyOntzOjEzOiJsb2NhbFByaW9yaXR5IjtiOjA7czoxOiJ4IjtzOjE2OiJ1a0drdWljdFMxc3Y3aXo4Ijt9BTBilT8AAAA
2-к. квартира,63,22 530 000₽,353135²,"ул. Челюскина, 10",Приморская,от 31 мин.,30 августа 2025,https://www.avito.ru/sankt-peterburg/kvartiry/2-k._kvartira_638_m_419_et._7569555762?context=H4sIAAAAAAAA_wE_AMD_YToyOntzOjEzOiJsb2NhbFByaW9yaXR5IjtiOjA7czoxOiJ4IjtzOjE2OiJ1a0drdWljdFMxc3Y3aXo4Ijt9BTBilT8AAAA
1-к. квартира,32,14 999 000₽,461508²,"Манчестерская ул., 5к1",Удельная,16–20 мин.,16 января 00:00,https://www.avito.ru/sankt-peterburg/kvartiry/1-k._kvartira_325_m_310_et._7935228711?context=H4sIAAAAAAAA_wE_AMD_YToyOntzOjEzOiJsb2NhbFByaW9yaXR5IjtiOjA7czoxOiJ4IjtzOjE2OiJ1a0drdWljdFMxc3Y3aXo4Ijt9BTBilT8AAAA
2-к. квартира,52,21 433 974₽,407490²,"наб. канала Грибоедова, 84",Садовая,6–10 мин.,19 декабря 2025,https://www.avito.ru/sankt-peterburg/kvartiry/2-k._kvartira_526_m_34_et._7812157957?context=H4sIAAAAAAAA_wE_AMD_YToyOntzOjEzOiJsb2NhbFByaW9yaXR5IjtiOjA7czoxOiJ4IjtzOjE2OiJ1a0drdWljdFMxc3Y3aXo4Ijt9BTBilT8AAAA
Апартаменты-студия,25,11 571 300₽,448500²,"Ташкентская ул., 6к2",Московские ворота,до 5 мин.,23 декабря 2025,https://www.avito.ru/sankt-peterburg/kvartiry/apartamenty-studiya_258_m_816_et._7895326855?context=H4sIAAAAAAAA_wE_AMD_YToyOntzOjEzOiJsb2NhbFByaW9yaXR5IjtiOjA7czoxOiJ4IjtzOjE2OiJ1a0drdWljdFMxc3Y3aXo4Ijt9BTBilT8AAAA
3-к. квартира,76,23 150 000₽,302614²,"ул. Стахановцев, 9А",Новочеркасская,до 5 мин.,28 октября 2025,https://www.avito.ru/sankt-peterburg/kvartiry/3-k._kvartira_765_m_45_et._7781832230?context=H4sIAAAAAAAA_wE_AMD_YToyOntzOjEzOiJsb2NhbFByaW9yaXR5IjtiOjA7czoxOiJ4IjtzOjE2OiJ1a0drdWljdFMxc3Y3aXo4Ijt9BTBilT8AAAA
2-к. квартира,64 м²,24 000 000₽,375000²,"Кушелевская дорога, 6к1",Лесная,16–20 мин.,1 неделю назад,https://www.avito.ru/sankt-peterburg/kvartiry/2-k._kvartira_64_m_1717_et._7945057353?context=H4sIAAAAAAAA_wE_AMD_YToyOntzOjEzOiJsb2NhbFByaW9yaXR5IjtiOjA7czoxOiJ4IjtzOjE2OiJ1a0drdWljdFMxc3Y3aXo4Ijt9BTBilT8AAAA
1-к. квартира,48,16 200 000₽,336100²,"Нейшлотский пер., 11к1",Выборгская,6–10 мин.,2 сентября 2025,https://www.avito.ru/sankt-peterburg/kvartiry/1-k._kvartira_482_m_712_et._7608864690?context=H4sIAAAAAAAA_wE_AMD_YToyOntzOjEzOiJsb2NhbFByaW9yaXR5IjtiOjA7czoxOiJ4IjtzOjE2OiJ1a0drdWljdFMxc3Y3aXo4Ijt9BTBilT8AAAA
1-к. квартира,42 м²,7 600 000₽,180952²,"д. Юкки, Тенистая ул., 11к1",,,26 января 01:55,https://www.avito.ru/sankt-peterburg/kvartiry/1-k._kvartira_42_m_23_et._7838205983?context=H4sIAAAAAAAA_wE_AMD_YToyOntzOjEzOiJsb2NhbFByaW9yaXR5IjtiOjA7czoxOiJ4IjtzOjE2OiJ1a0drdWljdFMxc3Y3aXo4Ijt9BTBilT8AAAA
1-к. квартира,34,15 200 000₽,443149²,"Измайловский б-р, 11",Фрунзенская,11–15 мин.,19 января 17:56,https://www.avito.ru/sankt-peterburg/kvartiry/1-k._kvartira_343_m_314_et._7866477122?context=H4sIAAAAAAAA_wE_AMD_YToyOntzOjEzOiJsb2NhbFByaW9yaXR5IjtiOjA7czoxOiJ4IjtzOjE2OiJ1a0drdWljdFMxc3Y3aXo4Ijt9BTBilT8AAAA
1-к. апартаменты,48 м²,15 000 000₽,312500²,"Серебристый б-р, 18к1",Пионерская,11–15 мин.,24 января 2024,https://www.avito.ru/sankt-peterburg/kvartiry/1-k._apartamenty_48_m_26_et._3644499619?context=H4sIAAAAAAAA_wE_AMD_YToyOntzOjEzOiJsb2NhbFByaW9yaXR5IjtiOjA7czoxOiJ4IjtzOjE2OiJ1a0drdWljdFMxc3Y3aXo4Ijt9BTBilT8AAAA
2-к. квартира,64,15 800 000₽,244204²,"Учительская ул., 18к1",Гражданский проспект,11–15 мин.,3 недели назад,https://www.avito.ru/sankt-peterburg/kvartiry/2-k._kvartira_647_m_925_et._7895983141?context=H4sIAAAAAAAA_wE_AMD_YToyOntzOjEzOiJsb2NhbFByaW9yaXR5IjtiOjA7czoxOiJ4IjtzOjE2OiJ1a0drdWljdFMxc3Y3aXo4Ijt9BTBilT8AAAA
Квартира-студия,23,6 400 000₽,272340²,"Комендантский пр-т, 69",Комендантский проспект,от 31 мин.,5 часов назад,https://www.avito.ru/sankt-peterburg/kvartiry/kvartira-studiya_235_m_1625_et._7999387997?context=H4sIAAAAAAAA_wE_AMD_YToyOntzOjEzOiJsb2NhbFByaW9yaXR5IjtiOjA7czoxOiJ4IjtzOjE2OiJ1a0drdWljdFMxc3Y3aXo4Ijt9BTBilT8AAAA
2-к. квартира,60 м²,15 000 000₽,250000²,,,,8 мая 2021,https://www.avito.ru/sankt-peterburg_pushkin/kvartiry/2-k._kvartira_60_m_35_et._1753986487?context=H4sIAAAAAAAA_wE_AMD_YToyOntzOjEzOiJsb2NhbFByaW9yaXR5IjtiOjA7czoxOiJ4IjtzOjE2OiJ1a0drdWljdFMxc3Y3aXo4Ijt9BTBilT8AAAA
1-к. квартира,41,8 150 000₽,196860²,"пр-т Авиаконструкторов, 42к2",Комендантский проспект,от 31 мин.,3 дня назад,https://www.avito.ru/sankt-peterburg/kvartiry/1-k._kvartira_414_m_910_et._7928430474?context=H4sIAAAAAAAA_wE_AMD_YToyOntzOjEzOiJsb2NhbFByaW9yaXR5IjtiOjA7czoxOiJ4IjtzOjE2OiJ1a0drdWljdFMxc3Y3aXo4Ijt9BTBilT8AAAA
2-к. квартира,75,21 490 000₽,283136²,"10-я Советская ул., 10/30",Чернышевская,16–20 мин.,9 октября 2025,https://www.avito.ru/sankt-peterburg/kvartiry/2-k._kvartira_759_m_56_et._7711964574?context=H4sIAAAAAAAA_wE_AMD_YToyOntzOjEzOiJsb2NhbFByaW9yaXR5IjtiOjA7czoxOiJ4IjtzOjE2OiJ1a0drdWljdFMxc3Y3aXo4Ijt9BTBilT8AAAA
3-к. квартира,82 м²,13 200 000₽,160976²,"пр-т Маршала Жукова, 58к4",Проспект Ветеранов,21–30 мин.,3 дня назад,https://www.avito.ru/sankt-peterburg/kvartiry/3-k._kvartira_82_m_110_et._7961900046?context=H4sIAAAAAAAA_wE_AMD_YToyOntzOjEzOiJsb2NhbFByaW9yaXR5IjtiOjA7czoxOiJ4IjtzOjE2OiJ1a0drdWljdFMxc3Y3aXo4Ijt9BTBilT8AAAA
1-к. квартира,45,27 300 000₽,605322²,"ул. Чапаева, 17к2",Горьковская,11–15 мин.,2 недели назад,https://www.avito.ru/sankt-peterburg/kvartiry/1-k._kvartira_451_m_49_et._7936183977?context=H4sIAAAAAAAA_wE_AMD_YToyOntzOjEzOiJsb2NhbFByaW9yaXR5IjtiOjA7czoxOiJ4IjtzOjE2OiJ1a0drdWljdFMxc3Y3aXo4Ijt9BTBilT8AAAA
3-к. квартира,80 м²,28 500 000₽,356250²,"пр-т Энгельса, 2",Лесная,21–30 мин.,2 недели назад,https://www.avito.ru/sankt-peterburg/kvartiry/3-k._kvartira_80_m_67_et._7878427724?context=H4sIAAAAAAAA_wE_AMD_YToyOntzOjEzOiJsb2NhbFByaW9yaXR5IjtiOjA7czoxOiJ4IjtzOjE2OiJ1a0drdWljdFMxc3Y3aXo4Ijt9BTBilT8AAAA
3-к. квартира,92,42 000 000₽,453564²,"наб. Чёрной речки, 35",Чёрная речка,6–10 мин.,7 дней назад,https://www.avito.ru/sankt-peterburg/kvartiry/3-k._kvartira_926_m_79_et._7932455227?context=H4sIAAAAAAAA_wE_AMD_YToyOntzOjEzOiJsb2NhbFByaW9yaXR5IjtiOjA7czoxOiJ4IjtzOjE2OiJ1a0drdWljdFMxc3Y3aXo4Ijt9BTBilT8AAAA
2-к. квартира,67,18 117 000₽,270000²,"Серебристый б-р, 18к1",Пионерская,11–15 мин.,18 ноября 2025,https://www.avito.ru/sankt-peterburg/kvartiry/2-k._kvartira_671_m_46_et._7771187949?context=H4sIAAAAAAAA_wE_AMD_YToyOntzOjEzOiJsb2NhbFByaW9yaXR5IjtiOjA7czoxOiJ4IjtzOjE2OiJ1a0drdWljdFMxc3Y3aXo4Ijt9BTBilT8AAAA
Квартира-студия,19,7 384 824₽,386640²,,Приморская,от 31 мин.,,https://www.avito.ru/sankt-peterburg/kvartiry/kvartira-studiya_191_m_515_et._7719232035?context=H4sIAAAAAAAA_wE_AMD_YToyOntzOjEzOiJsb2NhbFByaW9yaXR5IjtiOjA7czoxOiJ4IjtzOjE2OiJ1a0drdWljdFMxc3Y3aXo4Ijt9BTBilT8AAAA
1-к. квартира,38,14 490 000₽,378329²,"Лиговский пр-т, 271",Обводный канал,11–15 мин.,7 января 11:41,https://www.avito.ru/sankt-peterburg/kvartiry/1-k._kvartira_383_m_311_et._7784381909?context=H4sIAAAAAAAA_wE_AMD_YToyOntzOjEzOiJsb2NhbFByaW9yaXR5IjtiOjA7czoxOiJ4IjtzOjE2OiJ1a0drdWljdFMxc3Y3aXo4Ijt9BTBilT8AAAA
2-к. квартира,65,11 330 962₽,172465²,,,,,https://www.avito.ru/sankt-peterburg/kvartiry/2-k._kvartira_657_m_29_et._7756049849?context=H4sIAAAAAAAA_wE_AMD_YToyOntzOjEzOiJsb2NhbFByaW9yaXR5IjtiOjA7czoxOiJ4IjtzOjE2OiJ1a0drdWljdFMxc3Y3aXo4Ijt9BTBilT8AAAA
2-к. квартира,48,8 920 000₽,182413²,,,,,https://www.avito.ru/sankt-peterburg_pushkin/kvartiry/2-k._kvartira_489_m_69_et._8001560915?context=H4sIAAAAAAAA_wE_AMD_YToyOntzOjEzOiJsb2NhbFByaW9yaXR5IjtiOjA7czoxOiJ4IjtzOjE2OiJ1a0drdWljdFMxc3Y3aXo4Ijt9BTBilT8AAAA
1-к. квартира,35,5 870 157₽,163971²,,,,,https://www.avito.ru/sankt-peterburg/kvartiry/1-k._kvartira_358_m_712_et._7696167460?context=H4sIAAAAAAAA_wE_AMD_YToyOntzOjEzOiJsb2NhbFByaW9yaXR5IjtiOjA7czoxOiJ4IjtzOjE2OiJ1a0drdWljdFMxc3Y3aXo4Ijt9BTBilT8AAAA
3-к. квартира,73,15 350 000₽,207995²,"ул. Чудновского, 2/11",Проспект Большевиков,16–20 мин.,2 недели назад,https://www.avito.ru/sankt-peterburg/kvartiry/3-k._kvartira_738_m_79_et._7945173070?context=H4sIAAAAAAAA_wE_AMD_YToyOntzOjEzOiJsb2NhbFByaW9yaXR5IjtiOjA7czoxOiJ4IjtzOjE2OiJ1a0drdWljdFMxc3Y3aXo4Ijt9BTBilT8AAAA
Апартаменты-студия,20 м²,7 910 000₽,395500²,"пр-т Московский, д. 115, лит. В",Московские ворота,6–10 мин.,,https://www.avito.ru/sankt-peterburg/kvartiry/apartamenty-studiya_20_m_811_et._7772027012?context=H4sIAAAAAAAA_wE_AMD_YToyOntzOjEzOiJsb2NhbFByaW9yaXR5IjtiOjA7czoxOiJ4IjtzOjE2OiJ1a0drdWljdFMxc3Y3aXo4Ijt9BTBilT8AAAA
1-к. квартира,31 м²,10 500 000₽,338710²,"Лиговский пр-т, 257",Обводный канал,6–10 мин.,1 час назад,https://www.avito.ru/sankt-peterburg/kvartiry/1-k._kvartira_31_m_25_et._7961883735?context=H4sIAAAAAAAA_wE_AMD_YToyOntzOjEzOiJsb2NhbFByaW9yaXR5IjtiOjA7czoxOiJ4IjtzOjE2OiJ1a0drdWljdFMxc3Y3aXo4Ijt9BTBilT8AAAA
2-к. апартаменты,45,17 540 000₽,387196²,"пр-т Московский, д. 115, лит. В",Московские ворота,6–10 мин.,,https://www.avito.ru/sankt-peterburg/kvartiry/2-k._apartamenty_453_m_711_et._7772151126?context=H4sIAAAAAAAA_wE_AMD_YToyOntzOjEzOiJsb2NhbFByaW9yaXR5IjtiOjA7czoxOiJ4IjtzOjE2OiJ1a0drdWljdFMxc3Y3aXo4Ijt9BTBilT8AAAA
Апартаменты-студия,29,6 439 999₽,219048²,"пр-т Заневский, д. 65А",Ладожская,6–10 мин.,,https://www.avito.ru/sankt-peterburg/kvartiry/apartamenty-studiya_294_m_915_et._4004504781?context=H4sIAAAAAAAA_wE_AMD_YToyOntzOjEzOiJsb2NhbFByaW9yaXR5IjtiOjA7czoxOiJ4IjtzOjE2OiJ1a0drdWljdFMxc3Y3aXo4Ijt9BTBilT8AAAA
1-к. квартира,36,10 750 000₽,294521²,"ул. Есенина, 1к1",Озерки,11–15 мин.,24 июля 2025,https://www.avito.ru/sankt-peterburg/kvartiry/1-k._kvartira_365_m_2525_et._7547278425?context=H4sIAAAAAAAA_wE_AMD_YToyOntzOjEzOiJsb2NhbFByaW9yaXR5IjtiOjA7czoxOiJ4IjtzOjE2OiJ1a0drdWljdFMxc3Y3aXo4Ijt9BTBilT8AAAA
Квартира-студия,33,21 666 333₽,641016²,"ул. Миргородская, д. 1, лит. А",Площадь А. Невского II,11–15 мин.,,https://www.avito.ru/sankt-peterburg/kvartiry/kvartira-studiya_338_m_59_et._2519133814?context=H4sIAAAAAAAA_wE_AMD_YToyOntzOjEzOiJsb2NhbFByaW9yaXR5IjtiOjA7czoxOiJ4IjtzOjE2OiJ1a0drdWljdFMxc3Y3aXo4Ijt9BTBilT8AAAA
1-к. квартира,48,8 026 055₽,164132²,,,,,https://www.avito.ru/sankt-peterburg/kvartiry/1-k._kvartira_489_m_712_et._7680864141?context=H4sIAAAAAAAA_wE_AMD_YToyOntzOjEzOiJsb2NhbFByaW9yaXR5IjtiOjA7czoxOiJ4IjtzOjE2OiJ1a0drdWljdFMxc3Y3aXo4Ijt9BTBilT8AAAA
4-к. квартира,113,21 000 000₽,185349²,"Ленинский пр-т, 53к1",,,1 час назад,https://www.avito.ru/sankt-peterburg/kvartiry/4-k._kvartira_1133_m_317_et._7991323739?context=H4sIAAAAAAAA_wE_AMD_YToyOntzOjEzOiJsb2NhbFByaW9yaXR5IjtiOjA7czoxOiJ4IjtzOjE2OiJ1a0drdWljdFMxc3Y3aXo4Ijt9BTBilT8AAAA
2-к. квартира,50,18 500 142₽,364176²,,Елизаровская,6–10 мин.,,https://www.avito.ru/sankt-peterburg/kvartiry/2-k._kvartira_508_m_312_et._7892016361?context=H4sIAAAAAAAA_wE_AMD_YToyOntzOjEzOiJsb2NhbFByaW9yaXR5IjtiOjA7czoxOiJ4IjtzOjE2OiJ1a0drdWljdFMxc3Y3aXo4Ijt9BTBilT8AAAA
Апартаменты-студия,12,5 450 000₽,436000²,"Заставская ул., 33с3",Московские ворота,до 5 мин.,3 недели назад,https://www.avito.ru/sankt-peterburg/kvartiry/apartamenty-studiya_125_m_44_et._7876890258?context=H4sIAAAAAAAA_wE_AMD_YToyOntzOjEzOiJsb2NhbFByaW9yaXR5IjtiOjA7czoxOiJ4IjtzOjE2OiJ1a0drdWljdFMxc3Y3aXo4Ijt9BTBilT8AAAA
2-к. апартаменты,40,13 755 999₽,336332²,"пр-т Заневский, д. 65А",Ладожская,6–10 мин.,,https://www.avito.ru/sankt-peterburg/kvartiry/2-k._apartamenty_409_m_715_et._3428047411?context=H4sIAAAAAAAA_wE_AMD_YToyOntzOjEzOiJsb2NhbFByaW9yaXR5IjtiOjA7czoxOiJ4IjtzOjE2OiJ1a0drdWljdFMxc3Y3aXo4Ijt9BTBilT8AAAA
1-к. квартира,38,6 941 865₽,178454²,,,,,https://www.avito.ru/sankt-peterburg/kvartiry/1-k._kvartira_389_m_712_et._7680854579?context=H4sIAAAAAAAA_wE_AMD_YToyOntzOjEzOiJsb2NhbFByaW9yaXR5IjtiOjA7czoxOiJ4IjtzOjE2OiJ1a0drdWljdFMxc3Y3aXo4Ijt9BTBilT8AAAA
1-к. квартира,31,9 890 000₽,316987²,"пр-т Маршала Блюхера, 3к3",Лесная,16–20 мин.,15 мая 2025,https://www.avito.ru/sankt-peterburg/kvartiry/1-k._kvartira_312_m_122_et._7361420335?context=H4sIAAAAAAAA_wE_AMD_YToyOntzOjEzOiJsb2NhbFByaW9yaXR5IjtiOjA7czoxOiJ4IjtzOjE2OiJ1a0drdWljdFMxc3Y3aXo4Ijt9BTBilT8AAAA
1-к. квартира,42 м²,7 226 479₽,172059²,,,,,https://www.avito.ru/sankt-peterburg/kvartiry/1-k._kvartira_42_m_712_et._7680619992?context=H4sIAAAAAAAA_wE_AMD_YToyOntzOjEzOiJsb2NhbFByaW9yaXR5IjtiOjA7czoxOiJ4IjtzOjE2OiJ1a0drdWljdFMxc3Y3aXo4Ijt9BTBilT8AAAA
1-к. квартира,32,5 500 000₽,169753²,"ул. Симонова, 12к3",Проспект Просвещения,16–20 мин.,28 января 13:54,https://www.avito.ru/sankt-peterburg/kvartiry/1-k._kvartira_324_m_1015_et._7906772905?context=H4sIAAAAAAAA_wE_AMD_YToyOntzOjEzOiJsb2NhbFByaW9yaXR5IjtiOjA7czoxOiJ4IjtzOjE2OiJDaExZemJJSVpISXFuV1JWIjt9d8Blbj8AAAA
Апартаменты-студия,20 м²,7 889 000₽,394450²,"пр-т Московский, д. 115, лит. В",Московские ворота,6–10 мин.,,https://www.avito.ru/sankt-peterburg/kvartiry/apartamenty-studiya_20_m_611_et._7772279670?context=H4sIAAAAAAAA_wE_AMD_YToyOntzOjEzOiJsb2NhbFByaW9yaXR5IjtiOjA7czoxOiJ4IjtzOjE2OiJDaExZemJJSVpISXFuV1JWIjt9d8Blbj8AAAA
2-к. квартира,65,23 240 000₽,353191²,,Приморская,от 31 мин.,,https://www.avito.ru/sankt-peterburg/kvartiry/2-k._kvartira_658_m_210_et._7802690788?context=H4sIAAAAAAAA_wE_AMD_YToyOntzOjEzOiJsb2NhbFByaW9yaXR5IjtiOjA7czoxOiJ4IjtzOjE2OiJDaExZemJJSVpISXFuV1JWIjt9d8Blbj8AAAA
2-к. квартира,56,13 900 000₽,245583²,"Гражданский пр-т, 105к1",Гражданский проспект,11–15 мин.,9 декабря 2025,https://www.avito.ru/sankt-peterburg/kvartiry/2-k._kvartira_566_m_89_et._7840369041?context=H4sIAAAAAAAA_wE_AMD_YToyOntzOjEzOiJsb2NhbFByaW9yaXR5IjtiOjA7czoxOiJ4IjtzOjE2OiJDaExZemJJSVpISXFuV1JWIjt9d8Blbj8AAAA
1-к. квартира,35,13 230 633₽,368541²,,Приморская,от 31 мин.,,https://www.avito.ru/sankt-peterburg/kvartiry/1-k._kvartira_359_m_617_et._7918624988?context=H4sIAAAAAAAA_wE_AMD_YToyOntzOjEzOiJsb2NhbFByaW9yaXR5IjtiOjA7czoxOiJ4IjtzOjE2OiJDaExZemJJSVpISXFuV1JWIjt9d8Blbj8AAAA
1-к. квартира,37,8 000 000₽,214477²,"территория Усть-Славянка, Советский пр-т, 39к1",Рыбацкое,21–30 мин.,1 неделю назад,https://www.avito.ru/sankt-peterburg/kvartiry/1-k._kvartira_373_m_411_et._7927943320?context=H4sIAAAAAAAA_wE_AMD_YToyOntzOjEzOiJsb2NhbFByaW9yaXR5IjtiOjA7czoxOiJ4IjtzOjE2OiJDaExZemJJSVpISXFuV1JWIjt9d8Blbj8AAAA
2-к. квартира,57,16 050 089₽,279618²,,Озерки,от 31 мин.,,https://www.avito.ru/sankt-peterburg/kvartiry/2-k._kvartira_574_m_112_et._7892921065?context=H4sIAAAAAAAA_wE_AMD_YToyOntzOjEzOiJsb2NhbFByaW9yaXR5IjtiOjA7czoxOiJ4IjtzOjE2OiJDaExZemJJSVpISXFuV1JWIjt9d8Blbj8AAAA
3-к. квартира,79 м²,18 200 000₽,230380²,"Южное ш., 45к3",Проспект Славы,16–20 мин.,19 января 12:27,https://www.avito.ru/sankt-peterburg/kvartiry/3-k._kvartira_79_m_225_et._7854790916?context=H4sIAAAAAAAA_wE_AMD_YToyOntzOjEzOiJsb2NhbFByaW9yaXR5IjtiOjA7czoxOiJ4IjtzOjE2OiJDaExZemJJSVpISXFuV1JWIjt9d8Blbj8AAAA
1-к. квартира,32,12 000 061₽,364743²,,Елизаровская,от 31 мин.,,https://www.avito.ru/sankt-peterburg/kvartiry/1-k._kvartira_329_m_312_et._7892064522?context=H4sIAAAAAAAA_wE_AMD_YToyOntzOjEzOiJsb2NhbFByaW9yaXR5IjtiOjA7czoxOiJ4IjtzOjE2OiJDaExZemJJSVpISXFuV1JWIjt9d8Blbj8AAAA
Апартаменты-студия,22 м²,3 700 000₽,168182²,"ул. Куйбышева, 36",Горьковская,11–15 мин.,15 декабря 2025,https://www.avito.ru/sankt-peterburg/kvartiry/apartamenty-studiya_22_m_36_et._7877260378?context=H4sIAAAAAAAA_wE_AMD_YToyOntzOjEzOiJsb2NhbFByaW9yaXR5IjtiOjA7czoxOiJ4IjtzOjE2OiJDaExZemJJSVpISXFuV1JWIjt9d8Blbj8AAAA
2-к. квартира,60,11 909 738₽,195884²,,,,,https://www.avito.ru/sankt-peterburg/kvartiry/2-k._kvartira_608_m_89_et._7756090337?context=H4sIAAAAAAAA_wE_AMD_YToyOntzOjEzOiJsb2NhbFByaW9yaXR5IjtiOjA7czoxOiJ4IjtzOjE2OiJDaExZemJJSVpISXFuV1JWIjt9d8Blbj8AAAA
3-к. квартира,80,16 475 329₽,205428²,,,,,https://www.avito.ru/sankt-peterburg/kvartiry/3-k._kvartira_802_m_69_et._7756288915?context=H4sIAAAAAAAA_wE_AMD_YToyOntzOjEzOiJsb2NhbFByaW9yaXR5IjtiOjA7czoxOiJ4IjtzOjE2OiJDaExZemJJSVpISXFuV1JWIjt9d8Blbj8AAAA
1-к. квартира,38,13 622 120₽,356600²,,Волковская,21–30 мин.,,https://www.avito.ru/sankt-peterburg/kvartiry/1-k._kvartira_382_m_912_et._7941063924?context=H4sIAAAAAAAA_wE_AMD_YToyOntzOjEzOiJsb2NhbFByaW9yaXR5IjtiOjA7czoxOiJ4IjtzOjE2OiJDaExZemJJSVpISXFuV1JWIjt9d8Blbj8AAAA
1-к. квартира,25,5 900 000₽,229572²,"ул. Нахимова, 1",Приморская,6–10 мин.,1 час назад,https://www.avito.ru/sankt-peterburg/kvartiry/1-k._kvartira_257_m_410_et._7911603105?context=H4sIAAAAAAAA_wE_AMD_YToyOntzOjEzOiJsb2NhbFByaW9yaXR5IjtiOjA7czoxOiJ4IjtzOjE2OiJDaExZemJJSVpISXFuV1JWIjt9d8Blbj8AAAA
1-к. квартира,42 м²,7 228 200₽,172100²,,,,,https://www.avito.ru/sankt-peterburg/kvartiry/1-k._kvartira_42_m_412_et._7680141389?context=H4sIAAAAAAAA_wE_AMD_YToyOntzOjEzOiJsb2NhbFByaW9yaXR5IjtiOjA7czoxOiJ4IjtzOjE2OiJDaExZemJJSVpISXFuV1JWIjt9d8Blbj8AAAA
Квартира-студия,27,16 752 450₽,604782²,"ул. Перевозная, д. 1, лит. Б",Садовая,21–30 мин.,,https://www.avito.ru/sankt-peterburg/kvartiry/kvartira-studiya_277_m_410_et._7928721446?context=H4sIAAAAAAAA_wE_AMD_YToyOntzOjEzOiJsb2NhbFByaW9yaXR5IjtiOjA7czoxOiJ4IjtzOjE2OiJDaExZemJJSVpISXFuV1JWIjt9d8Blbj8AAAA
1-к. квартира,36,10 700 000₽,293956²,"Среднерогатская ул., 13к1",Звёздная,21–30 мин.,23 октября 2025,https://www.avito.ru/sankt-peterburg/kvartiry/1-k._kvartira_364_m_1717_et._7737551300?context=H4sIAAAAAAAA_wE_AMD_YToyOntzOjEzOiJsb2NhbFByaW9yaXR5IjtiOjA7czoxOiJ4IjtzOjE2OiJDaExZemJJSVpISXFuV1JWIjt9d8Blbj8AAAA
Квартира-студия,24 м²,4 790 000₽,199583²,"пос. Шушары, Старорусский пр-т, 9",Купчино,от 31 мин.,1 неделю назад,https://www.avito.ru/sankt-peterburg/kvartiry/kvartira-studiya_24_m_712_et._7910740844?context=H4sIAAAAAAAA_wE_AMD_YToyOntzOjEzOiJsb2NhbFByaW9yaXR5IjtiOjA7czoxOiJ4IjtzOjE2OiJDaExZemJJSVpISXFuV1JWIjt9d8Blbj8AAAA
Квартира-студия,20,6 864 451₽,333226²,,Улица Дыбенко,21–30 мин.,,https://www.avito.ru/sankt-peterburg/kvartiry/kvartira-studiya_206_m_518_et._7534562266?context=H4sIAAAAAAAA_wE_AMD_YToyOntzOjEzOiJsb2NhbFByaW9yaXR5IjtiOjA7czoxOiJ4IjtzOjE2OiJDaExZemJJSVpISXFuV1JWIjt9d8Blbj8AAAA
4-к. квартира,129,19 500 000₽,150696²,,,,26 июля 2024,https://www.avito.ru/sankt-peterburg_pushkin/kvartiry/4-k._kvartira_1294_m_14_et._3989559322?context=H4sIAAAAAAAA_wE_AMD_YToyOntzOjEzOiJsb2NhbFByaW9yaXR5IjtiOjA7czoxOiJ4IjtzOjE2OiJDaExZemJJSVpISXFuV1JWIjt9d8Blbj8AAAA
Апартаменты-студия,29 м²,6 672 529₽,230087²,,Улица Дыбенко,21–30 мин.,,https://www.avito.ru/sankt-peterburg/kvartiry/apartamenty-studiya_29_m_417_et._2744504881?context=H4sIAAAAAAAA_wE_AMD_YToyOntzOjEzOiJsb2NhbFByaW9yaXR5IjtiOjA7czoxOiJ4IjtzOjE2OiJDaExZemJJSVpISXFuV1JWIjt9d8Blbj8AAAA
2-к. квартира,63,22 530 000₽,353135²,"ул. Челюскина, 10",Приморская,от 31 мин.,30 августа 2025,https://www.avito.ru/sankt-peterburg/kvartiry/2-k._kvartira_638_m_419_et._7569555762?context=H4sIAAAAAAAA_wE_AMD_YToyOntzOjEzOiJsb2NhbFByaW9yaXR5IjtiOjA7czoxOiJ4IjtzOjE2OiJDaExZemJJSVpISXFuV1JWIjt9d8Blbj8AAAA
3-к. квартира,90 м²,23 393 916₽,259932²,,,,,https://www.avito.ru/sankt-peterburg/kvartiry/3-k._kvartira_90_m_34_et._8044958671?context=H4sIAAAAAAAA_wE_AMD_YToyOntzOjEzOiJsb2NhbFByaW9yaXR5IjtiOjA7czoxOiJ4IjtzOjE2OiJDaExZemJJSVpISXFuV1JWIjt9d8Blbj8AAAA
1-к. квартира,41,7 309 805₽,174458²,,,,,https://www.avito.ru/sankt-peterburg/kvartiry/1-k._kvartira_419_m_412_et._7680079728?context=H4sIAAAAAAAA_wE_AMD_YToyOntzOjEzOiJsb2NhbFByaW9yaXR5IjtiOjA7czoxOiJ4IjtzOjE2OiJDaExZemJJSVpISXFuV1JWIjt9d8Blbj8AAAA
2-к. квартира,52,10 500 000₽,199241²,"Можайская ул., 13",Пушкинская,6–10 мин.,3 дня назад,https://www.avito.ru/sankt-peterburg/kvartiry/2-k._kvartira_527_m_14_et._7928036992?context=H4sIAAAAAAAA_wE_AMD_YToyOntzOjEzOiJsb2NhbFByaW9yaXR5IjtiOjA7czoxOiJ4IjtzOjE2OiJDaExZemJJSVpISXFuV1JWIjt9d8Blbj8AAAA
Квартира-студия,24,7 800 000₽,317073²,"Полевая Сабировская ул., 47к1",Старая деревня,16–20 мин.,18 марта 2015,https://www.avito.ru/sankt-peterburg/kvartiry/kvartira-studiya_246_m_1825_et._531530760?context=H4sIAAAAAAAA_wE_AMD_YToyOntzOjEzOiJsb2NhbFByaW9yaXR5IjtiOjA7czoxOiJ4IjtzOjE2OiJDaExZemJJSVpISXFuV1JWIjt9d8Blbj8AAAA
3-к. квартира,71,21 454 510₽,299644²,,Ладожская,21–30 мин.,,https://www.avito.ru/sankt-peterburg/kvartiry/3-k._kvartira_716_m_310_et._7406208744?context=H4sIAAAAAAAA_wE_AMD_YToyOntzOjEzOiJsb2NhbFByaW9yaXR5IjtiOjA7czoxOiJ4IjtzOjE2OiJDaExZemJJSVpISXFuV1JWIjt9d8Blbj8AAAA
1-к. апартаменты,31,12 564 000₽,393856²,"пр-т Московский, д. 115, лит. В",Московские ворота,6–10 мин.,,https://www.avito.ru/sankt-peterburg/kvartiry/1-k._apartamenty_319_m_711_et._7772364306?context=H4sIAAAAAAAA_wE_AMD_YToyOntzOjEzOiJsb2NhbFByaW9yaXR5IjtiOjA7czoxOiJ4IjtzOjE2OiJDaExZemJJSVpISXFuV1JWIjt9d8Blbj8AAAA
3-к. квартира,41,7 300 000₽,174224²,"б-р Новаторов, 49",Ленинский проспект,6–10 мин.,Вчера,https://www.avito.ru/sankt-peterburg/kvartiry/3-k._kvartira_419_m_15_et._7920835877?context=H4sIAAAAAAAA_wE_AMD_YToyOntzOjEzOiJsb2NhbFByaW9yaXR5IjtiOjA7czoxOiJ4IjtzOjE2OiJDaExZemJJSVpISXFuV1JWIjt9d8Blbj8AAAA
2-к. квартира,66,11 511 725₽,173369²,,,,,https://www.avito.ru/sankt-peterburg/kvartiry/2-k._kvartira_664_m_712_et._7680301526?context=H4sIAAAAAAAA_wE_AMD_YToyOntzOjEzOiJsb2NhbFByaW9yaXR5IjtiOjA7czoxOiJ4IjtzOjE2OiJDaExZemJJSVpISXFuV1JWIjt9d8Blbj8AAAA
1-к. квартира,31,5 969 999₽,188924²,,,,,https://www.avito.ru/sankt-peterburg/kvartiry/1-k._kvartira_316_m_212_et._7660959870?context=H4sIAAAAAAAA_wE_AMD_YToyOntzOjEzOiJsb2NhbFByaW9yaXR5IjtiOjA7czoxOiJ4IjtzOjE2OiJDaExZemJJSVpISXFuV1JWIjt9d8Blbj8AAAA
1-к. квартира,33,11 700 253₽,353482²,,Московская,21–30 мин.,,https://www.avito.ru/sankt-peterburg/kvartiry/1-k._kvartira_331_m_411_et._7892505117?context=H4sIAAAAAAAA_wE_AMD_YToyOntzOjEzOiJsb2NhbFByaW9yaXR5IjtiOjA7czoxOiJ4IjtzOjE2OiJDaExZemJJSVpISXFuV1JWIjt9d8Blbj8AAAA
1-к. квартира,29,6 100 000₽,205387²,"Русановская ул., 16к3",Обухово,от 31 мин.,1 час назад,https://www.avito.ru/sankt-peterburg/kvartiry/1-k._kvartira_297_m_2123_et._7947484484?context=H4sIAAAAAAAA_wE_AMD_YToyOntzOjEzOiJsb2NhbFByaW9yaXR5IjtiOjA7czoxOiJ4IjtzOjE2OiJDaExZemJJSVpISXFuV1JWIjt9d8Blbj8AAAA
Квартира-студия,27,16 614 000₽,599783²,"ул. Перевозная, д. 1, лит. Б",Садовая,21–30 мин.,,https://www.avito.ru/sankt-peterburg/kvartiry/kvartira-studiya_277_m_310_et._7928838429?context=H4sIAAAAAAAA_wE_AMD_YToyOntzOjEzOiJsb2NhbFByaW9yaXR5IjtiOjA7czoxOiJ4IjtzOjE2OiJDaExZemJJSVpISXFuV1JWIjt9d8Blbj8AAAA
3-к. квартира,80 м²,12 270 000₽,153375²,,,,2 часа назад,https://www.avito.ru/sankt-peterburg_pushkin/kvartiry/3-k._kvartira_80_m_13_et._7946784244?context=H4sIAAAAAAAA_wE_AMD_YToyOntzOjEzOiJsb2NhbFByaW9yaXR5IjtiOjA7czoxOiJ4IjtzOjE2OiJDaExZemJJSVpISXFuV1JWIjt9d8Blbj8AAAA
1-к. квартира,31,5 430 337₽,171304²,,,,,https://www.avito.ru/sankt-peterburg/kvartiry/1-k._kvartira_317_m_1325_et._7534091438?context=H4sIAAAAAAAA_wE_AMD_YToyOntzOjEzOiJsb2NhbFByaW9yaXR5IjtiOjA7czoxOiJ4IjtzOjE2OiJDaExZemJJSVpISXFuV1JWIjt9d8Blbj8AAAA
2-к. квартира,44,8 600 000₽,192825²,"Ленинский пр-т, 172",Московская,6–10 мин.,1 час назад,https://www.avito.ru/sankt-peterburg/kvartiry/2-k._kvartira_446_m_25_et._7902733182?context=H4sIAAAAAAAA_wE_AMD_YToyOntzOjEzOiJsb2NhbFByaW9yaXR5IjtiOjA7czoxOiJ4IjtzOjE2OiJDaExZemJJSVpISXFuV1JWIjt9d8Blbj8AAAA
Квартира-студия,24,6 650 003₽,275934²,,Озерки,от 31 мин.,,https://www.avito.ru/sankt-peterburg/kvartiry/kvartira-studiya_241_m_212_et._7891984945?context=H4sIAAAAAAAA_wE_AMD_YToyOntzOjEzOiJsb2NhbFByaW9yaXR5IjtiOjA7czoxOiJ4IjtzOjE2OiJDaExZemJJSVpISXFuV1JWIjt9d8Blbj8AAAA
3-к. квартира,114 м²,28 800 000₽,252632²,"пр-т Космонавтов, 61к2",Звёздная,11–15 мин.,2 недели назад,https://www.avito.ru/sankt-peterburg/kvartiry/3-k._kvartira_114_m_1324_et._8013661467?context=H4sIAAAAAAAA_wE_AMD_YToyOntzOjEzOiJsb2NhbFByaW9yaXR5IjtiOjA7czoxOiJ4IjtzOjE2OiJDaExZemJJSVpISXFuV1JWIjt9d8Blbj8AAAA
Апартаменты-студия,20,7 968 000₽,394455²,"пр-т Московский, д. 115, лит. В",Московские ворота,6–10 мин.,,https://www.avito.ru/sankt-peterburg/kvartiry/apartamenty-studiya_202_m_611_et._7772308327?context=H4sIAAAAAAAA_wE_AMD_YToyOntzOjEzOiJsb2NhbFByaW9yaXR5IjtiOjA7czoxOiJ4IjtzOjE2OiJDaExZemJJSVpISXFuV1JWIjt9d8Blbj8AAAA
2-к. квартира,44,8 900 000₽,200450²,"Ланское ш., 12к3",Чёрная речка,11–15 мин.,4 часа назад,https://www.avito.ru/sankt-peterburg/kvartiry/2-k._kvartira_444_m_45_et._7884659117?context=H4sIAAAAAAAA_wE_AMD_YToyOntzOjEzOiJsb2NhbFByaW9yaXR5IjtiOjA7czoxOiJ4IjtzOjE2OiJDaExZemJJSVpISXFuV1JWIjt9d8Blbj8AAAA
1-к. квартира,31,5 503 164₽,175260²,,Гражданский проспект,от 31 мин.,,https://www.avito.ru/sankt-peterburg/kvartiry/1-k._kvartira_314_m_2224_et._7534270043?context=H4sIAAAAAAAA_wE_AMD_YToyOntzOjEzOiJsb2NhbFByaW9yaXR5IjtiOjA7czoxOiJ4IjtzOjE2OiJDaExZemJJSVpISXFuV1JWIjt9d8Blbj8AAAA
1-к. квартира,36,12 700 000₽,347945²,"Кондратьевский пр-т, 68к4",Площадь Мужества,от 31 мин.,Вчера,https://www.avito.ru/sankt-peterburg/kvartiry/1-k._kvartira_365_m_2024_et._7973221496?context=H4sIAAAAAAAA_wE_AMD_YToyOntzOjEzOiJsb2NhbFByaW9yaXR5IjtiOjA7czoxOiJ4IjtzOjE2OiJDaExZemJJSVpISXFuV1JWIjt9d8Blbj8AAAA
1-к. квартира,48,22 940 000₽,475934²,"Петровский пр-т, 9к2",Крестовский остров,16–20 мин.,15 января 16:52,https://www.avito.ru/sankt-peterburg/kvartiry/1-k._kvartira_482_m_69_et._7867915212?context=H4sIAAAAAAAA_wE_AMD_YToyOntzOjEzOiJsb2NhbFByaW9yaXR5IjtiOjA7czoxOiJ4IjtzOjE2OiJDaExZemJJSVpISXFuV1JWIjt9d8Blbj8AAAA
1-к. квартира,39,8 367 295₽,211295²,"ул. Соколиная, д. 10, корп. 1, стр. 1",,,,https://www.avito.ru/sankt-peterburg/kvartiry/1-k._kvartira_396_m_44_et._3499667554?context=H4sIAAAAAAAA_wE_AMD_YToyOntzOjEzOiJsb2NhbFByaW9yaXR5IjtiOjA7czoxOiJ4IjtzOjE2OiJDaExZemJJSVpISXFuV1JWIjt9d8Blbj8AAAA
1-к. квартира,39,7 585 497₽,190113²,,,,,https://www.avito.ru/sankt-peterburg/kvartiry/1-k._kvartira_399_m_39_et._7756528071?context=H4sIAAAAAAAA_wE_AMD_YToyOntzOjEzOiJsb2NhbFByaW9yaXR5IjtiOjA7czoxOiJ4IjtzOjE2OiJDaExZemJJSVpISXFuV1JWIjt9d8Blbj8AAAA
Квартира-студия,23,6 400 000₽,272340²,"Комендантский пр-т, 69",Комендантский проспект,от 31 мин.,5 часов назад,https://www.avito.ru/sankt-peterburg/kvartiry/kvartira-studiya_235_m_1625_et._7999387997?context=H4sIAAAAAAAA_wE_AMD_YToyOntzOjEzOiJsb2NhbFByaW9yaXR5IjtiOjA7czoxOiJ4IjtzOjE2OiJDaExZemJJSVpISXFuV1JWIjt9d8Blbj8AAAA
3-к. квартира,58,10 900 000₽,185374²,"Искровский пр-т, 4к1",Проспект Большевиков,6–10 мин.,3 дня назад,https://www.avito.ru/sankt-peterburg/kvartiry/3-k._kvartira_588_m_110_et._7925654019?context=H4sIAAAAAAAA_wE_AMD_YToyOntzOjEzOiJsb2NhbFByaW9yaXR5IjtiOjA7czoxOiJ4IjtzOjE2OiJDaExZemJJSVpISXFuV1JWIjt9d8Blbj8AAAA
2-к. квартира,70,30 351 960₽,428700²,"Большой Сампсониевский пр-т, д. 32, корп. А-Б",Выборгская,6–10 мин.,,https://www.avito.ru/sankt-peterburg/kvartiry/2-k._kvartira_708_m_210_et._4008308987?context=H4sIAAAAAAAA_wE_AMD_YToyOntzOjEzOiJsb2NhbFByaW9yaXR5IjtiOjA7czoxOiJ4IjtzOjE2OiJDaExZemJJSVpISXFuV1JWIjt9d8Blbj8AAAA
2-к. квартира,51,8 687 818₽,170016²,,,,,https://www.avito.ru/sankt-peterburg/kvartiry/2-k._kvartira_511_m_925_et._7501999737?context=H4sIAAAAAAAA_wE_AMD_YToyOntzOjEzOiJsb2NhbFByaW9yaXR5IjtiOjA7czoxOiJ4IjtzOjE2OiJDaExZemJJSVpISXFuV1JWIjt9d8Blbj8AAAA
1-к. квартира,39,8 367 295₽,211295²,"ул. Соколиная, д. 10, корп. 1, стр. 1",,,,https://www.avito.ru/sankt-peterburg/kvartiry/1-k._kvartira_396_m_44_et._3499667554?context=H4sIAAAAAAAA_wE_AMD_YToyOntzOjEzOiJsb2NhbFByaW9yaXR5IjtiOjA7czoxOiJ4IjtzOjE2OiJJRm93VGxGUmVVRkdDYmUwIjt9HFgA6z8AAAA
1-к. квартира,39,7 585 497₽,190113²,,,,,https://www.avito.ru/sankt-peterburg/kvartiry/1-k._kvartira_399_m_39_et._7756528071?context=H4sIAAAAAAAA_wE_AMD_YToyOntzOjEzOiJsb2NhbFByaW9yaXR5IjtiOjA7czoxOiJ4IjtzOjE2OiJJRm93VGxGUmVVRkdDYmUwIjt9HFgA6z8AAAA
1-к. квартира,30 м²,8 500 000₽,283333²,"ул. Ольги Форш, 11к1",Гражданский проспект,16–20 мин.,1 час назад,https://www.avito.ru/sankt-peterburg/kvartiry/1-k._kvartira_30_m_15_et._7920112981?context=H4sIAAAAAAAA_wE_AMD_YToyOntzOjEzOiJsb2NhbFByaW9yaXR5IjtiOjA7czoxOiJ4IjtzOjE2OiJJRm93VGxGUmVVRkdDYmUwIjt9HFgA6z8AAAA
2-к. квартира,70,30 351 960₽,428700²,"Большой Сампсониевский пр-т, д. 32, корп. А-Б",Выборгская,6–10 мин.,,https://www.avito.ru/sankt-peterburg/kvartiry/2-k._kvartira_708_m_210_et._4008308987?context=H4sIAAAAAAAA_wE_AMD_YToyOntzOjEzOiJsb2NhbFByaW9yaXR5IjtiOjA7czoxOiJ4IjtzOjE2OiJJRm93VGxGUmVVRkdDYmUwIjt9HFgA6z8AAAA
Квартира-студия,25,7 600 000₽,300395²,"пр-т Коменданский, д. 71, корп. 2",Комендантский проспект,от 31 мин.,,https://www.avito.ru/sankt-peterburg/kvartiry/kvartira-studiya_253_m_612_et._7865536906?context=H4sIAAAAAAAA_wE_AMD_YToyOntzOjEzOiJsb2NhbFByaW9yaXR5IjtiOjA7czoxOiJ4IjtzOjE2OiJJRm93VGxGUmVVRkdDYmUwIjt9HFgA6z8AAAA
2-к. апартаменты,45,8 356 656₽,183260²,,Улица Дыбенко,21–30 мин.,,https://www.avito.ru/sankt-peterburg/kvartiry/2-k._apartamenty_456_m_311_et._2488405085?context=H4sIAAAAAAAA_wE_AMD_YToyOntzOjEzOiJsb2NhbFByaW9yaXR5IjtiOjA7czoxOiJ4IjtzOjE2OiJJRm93VGxGUmVVRkdDYmUwIjt9HFgA6z8AAAA
2-к. квартира,50 м²,11 500 000₽,230000²,"Стародеревенская ул., 29",Комендантский проспект,6–10 мин.,2 часа назад,https://www.avito.ru/sankt-peterburg/kvartiry/2-k._kvartira_50_m_216_et._7902782488?context=H4sIAAAAAAAA_wE_AMD_YToyOntzOjEzOiJsb2NhbFByaW9yaXR5IjtiOjA7czoxOiJ4IjtzOjE2OiJJRm93VGxGUmVVRkdDYmUwIjt9HFgA6z8AAAA
Квартира-студия,24,4 350 035₽,176115²,,Рыбацкое,от 31 мин.,,https://www.avito.ru/sankt-peterburg/kvartiry/kvartira-studiya_247_m_412_et._7892659226?context=H4sIAAAAAAAA_wE_AMD_YToyOntzOjEzOiJsb2NhbFByaW9yaXR5IjtiOjA7czoxOiJ4IjtzOjE2OiJJRm93VGxGUmVVRkdDYmUwIjt9HFgA6z8AAAA
1-к. квартира,39,14 827 950₽,373500²,,Волковская,21–30 мин.,,https://www.avito.ru/sankt-peterburg/kvartiry/1-k._kvartira_397_m_1012_et._7941895682?context=H4sIAAAAAAAA_wE_AMD_YToyOntzOjEzOiJsb2NhbFByaW9yaXR5IjtiOjA7czoxOiJ4IjtzOjE2OiJJRm93VGxGUmVVRkdDYmUwIjt9HFgA6z8AAAA
2-к. квартира,42 м²,7 800 000₽,185714²,"Краснопутиловская ул., 59",Автово,11–15 мин.,1 час назад,https://www.avito.ru/sankt-peterburg/kvartiry/2-k._kvartira_42_m_56_et._7998982454?context=H4sIAAAAAAAA_wE_AMD_YToyOntzOjEzOiJsb2NhbFByaW9yaXR5IjtiOjA7czoxOiJ4IjtzOjE2OiJJRm93VGxGUmVVRkdDYmUwIjt9HFgA6z8AAAA
2-к. квартира,67,18 144 000₽,270000²,"Серебристый б-р, 18к1",Пионерская,11–15 мин.,19 ноября 2025,https://www.avito.ru/sankt-peterburg/kvartiry/2-k._kvartira_672_m_36_et._7771402032?context=H4sIAAAAAAAA_wE_AMD_YToyOntzOjEzOiJsb2NhbFByaW9yaXR5IjtiOjA7czoxOiJ4IjtzOjE2OiJJRm93VGxGUmVVRkdDYmUwIjt9HFgA6z8AAAA
1-к. квартира,34,7 800 000₽,224784²,"городской пос. Новоселье, Центральная ул., 8к1",,,Вчера,https://www.avito.ru/sankt-peterburg/kvartiry/1-k._kvartira_347_m_312_et._7848806332?context=H4sIAAAAAAAA_wE_AMD_YToyOntzOjEzOiJsb2NhbFByaW9yaXR5IjtiOjA7czoxOiJ4IjtzOjE2OiJJRm93VGxGUmVVRkdDYmUwIjt9HFgA6z8AAAA
Апартаменты-студия,20,5 749 825₽,280479²,"пр-т Большой Сампсониевский, д. 74, корп. 2",Лесная,6–10 мин.,,https://www.avito.ru/sankt-peterburg/kvartiry/apartamenty-studiya_205_m_1314_et._7939294892?context=H4sIAAAAAAAA_wE_AMD_YToyOntzOjEzOiJsb2NhbFByaW9yaXR5IjtiOjA7czoxOiJ4IjtzOjE2OiJJRm93VGxGUmVVRkdDYmUwIjt9HFgA6z8AAAA
Апартаменты-студия,11 м²,1 950 000₽,177273²,"Сестрорецкая ул., 3",Чёрная речка,6–10 мин.,9 декабря 2025,https://www.avito.ru/sankt-peterburg/kvartiry/apartamenty-studiya_11_m_15_et._7877633283?context=H4sIAAAAAAAA_wE_AMD_YToyOntzOjEzOiJsb2NhbFByaW9yaXR5IjtiOjA7czoxOiJ4IjtzOjE2OiJJRm93VGxGUmVVRkdDYmUwIjt9HFgA6z8AAAA
2-к. квартира,55,16 350 278₽,294070²,,Озерки,от 31 мин.,,https://www.avito.ru/sankt-peterburg/kvartiry/2-k._kvartira_556_m_412_et._7892620609?context=H4sIAAAAAAAA_wE_AMD_YToyOntzOjEzOiJsb2NhbFByaW9yaXR5IjtiOjA7czoxOiJ4IjtzOjE2OiJJRm93VGxGUmVVRkdDYmUwIjt9HFgA6z8AAAA
Квартира-студия,22,5 200 000₽,235294²,"пос. Шушары, Новгородский пр-т, 4",Купчино,от 31 мин.,3 часа назад,https://www.avito.ru/sankt-peterburg/kvartiry/kvartira-studiya_221_m_1325_et._7946993601?context=H4sIAAAAAAAA_wE_AMD_YToyOntzOjEzOiJsb2NhbFByaW9yaXR5IjtiOjA7czoxOiJ4IjtzOjE2OiJJRm93VGxGUmVVRkdDYmUwIjt9HFgA6z8AAAA
1-к. квартира,29,5 800 240₽,194639²,,Рыбацкое,от 31 мин.,,https://www.avito.ru/sankt-peterburg/kvartiry/1-k._kvartira_298_m_1318_et._7892445543?context=H4sIAAAAAAAA_wE_AMD_YToyOntzOjEzOiJsb2NhbFByaW9yaXR5IjtiOjA7czoxOiJ4IjtzOjE2OiJJRm93VGxGUmVVRkdDYmUwIjt9HFgA6z8AAAA
3-к. квартира,104 м²,16 500 000₽,158654²,,,,26 июля 2024,https://www.avito.ru/sankt-peterburg_pushkin/kvartiry/3-k._kvartira_104_m_44_et._3989544143?context=H4sIAAAAAAAA_wE_AMD_YToyOntzOjEzOiJsb2NhbFByaW9yaXR5IjtiOjA7czoxOiJ4IjtzOjE2OiJJRm93VGxGUmVVRkdDYmUwIjt9HFgA6z8AAAA
Аукцион: 1-к. квартира,30,от 7 112 000₽,231661²,"Вилькицкий б-р, 6",Приморская,21–30 мин.,6 часов назад,https://www.avito.ru/sankt-peterburg/kvartiry/auktsion_1-k._kvartira_307_m_1819_et._7928893364?context=H4sIAAAAAAAA_wE_AMD_YToyOntzOjEzOiJsb2NhbFByaW9yaXR5IjtiOjA7czoxOiJ4IjtzOjE2OiJJRm93VGxGUmVVRkdDYmUwIjt9HFgA6z8AAAA
Квартира-студия,24,15 488 000₽,640000²,"ул. Перевозная, д. 1, лит. Б",Садовая,21–30 мин.,,https://www.avito.ru/sankt-peterburg/kvartiry/kvartira-studiya_242_m_710_et._7928623882?context=H4sIAAAAAAAA_wE_AMD_YToyOntzOjEzOiJsb2NhbFByaW9yaXR5IjtiOjA7czoxOiJ4IjtzOjE2OiJJRm93VGxGUmVVRkdDYmUwIjt9HFgA6z8AAAA
Квартира-студия,19,5 700 000₽,292308²,"Арцеуловская аллея, 9",,,Вчера,https://www.avito.ru/sankt-peterburg/kvartiry/kvartira-studiya_195_m_514_et._7889748696?context=H4sIAAAAAAAA_wE_AMD_YToyOntzOjEzOiJsb2NhbFByaW9yaXR5IjtiOjA7czoxOiJ4IjtzOjE2OiJJRm93VGxGUmVVRkdDYmUwIjt9HFgA6z8AAAA
2-к. квартира,45,6 990 000₽,154989²,"Народная ул., 75",Ломоносовская,21–30 мин.,1 час назад,https://www.avito.ru/sankt-peterburg/kvartiry/2-k._kvartira_451_m_35_et._7925777517?context=H4sIAAAAAAAA_wE_AMD_YToyOntzOjEzOiJsb2NhbFByaW9yaXR5IjtiOjA7czoxOiJ4IjtzOjE2OiJJRm93VGxGUmVVRkdDYmUwIjt9HFgA6z8AAAA
1-к. квартира,48,22 940 000₽,475934²,"Петровский пр-т, 9к2",Крестовский остров,16–20 мин.,15 января 16:52,https://www.avito.ru/sankt-peterburg/kvartiry/1-k._kvartira_482_m_69_et._7867915212?context=H4sIAAAAAAAA_wE_AMD_YToyOntzOjEzOiJsb2NhbFByaW9yaXR5IjtiOjA7czoxOiJ4IjtzOjE2OiJJRm93VGxGUmVVRkdDYmUwIjt9HFgA6z8AAAA
2-к. квартира,46,6 900 000₽,147436²,"пос. Шушары, Московское ш., 264",,,2 часа назад,https://www.avito.ru/sankt-peterburg/kvartiry/2-k._kvartira_468_m_79_et._7932721795?context=H4sIAAAAAAAA_wE_AMD_YToyOntzOjEzOiJsb2NhbFByaW9yaXR5IjtiOjA7czoxOiJ4IjtzOjE2OiJJRm93VGxGUmVVRkdDYmUwIjt9HFgA6z8AAAA
Квартира-студия,26 м²,6 950 000₽,267308²,"пр-т Народного Ополчения, 149",Проспект Ветеранов,16–20 мин.,4 часа назад,https://www.avito.ru/sankt-peterburg/kvartiry/kvartira-studiya_26_m_223_et._8045430699?context=H4sIAAAAAAAA_wE_AMD_YToyOntzOjEzOiJsb2NhbFByaW9yaXR5IjtiOjA7czoxOiJ4IjtzOjE2OiJJRm93VGxGUmVVRkdDYmUwIjt9HFgA6z8AAAA
Квартира-студия,29,6 148 740₽,209141²,,,,,https://www.avito.ru/sankt-peterburg/kvartiry/kvartira-studiya_294_m_79_et._7756370358?context=H4sIAAAAAAAA_wE_AMD_YToyOntzOjEzOiJsb2NhbFByaW9yaXR5IjtiOjA7czoxOiJ4IjtzOjE2OiJJRm93VGxGUmVVRkdDYmUwIjt9HFgA6z8AAAA
Апартаменты-студия,16,3 490 000₽,211515²,"2-я линия Васильевского острова, 3",Василеостровская,11–15 мин.,25 декабря 2025,https://www.avito.ru/sankt-peterburg/kvartiry/apartamenty-studiya_165_m_14_et._7909205498?context=H4sIAAAAAAAA_wE_AMD_YToyOntzOjEzOiJsb2NhbFByaW9yaXR5IjtiOjA7czoxOiJ4IjtzOjE2OiJJRm93VGxGUmVVRkdDYmUwIjt9HFgA6z8AAAA
2-к. квартира,74 м²,37 300 000₽,504054²,"ул. Миргородская, д. 1, лит. А",Площадь А. Невского II,11–15 мин.,,https://www.avito.ru/sankt-peterburg/kvartiry/2-k._kvartira_74_m_79_et._2518890870?context=H4sIAAAAAAAA_wE_AMD_YToyOntzOjEzOiJsb2NhbFByaW9yaXR5IjtiOjA7czoxOiJ4IjtzOjE2OiJJRm93VGxGUmVVRkdDYmUwIjt9HFgA6z8AAAA
1-к. квартира,42,10 000 000₽,235294²,"Северный пр-т, 10к1",Озерки,11–15 мин.,4 часа назад,https://www.avito.ru/sankt-peterburg/kvartiry/1-k._kvartira_425_m_410_et._7933583134?context=H4sIAAAAAAAA_wE_AMD_YToyOntzOjEzOiJsb2NhbFByaW9yaXR5IjtiOjA7czoxOiJ4IjtzOjE2OiJJRm93VGxGUmVVRkdDYmUwIjt9HFgA6z8AAAA
2-к. квартира,71,25 420 000₽,357022²,,Приморская,от 31 мин.,,https://www.avito.ru/sankt-peterburg/kvartiry/2-k._kvartira_712_m_1216_et._7802206371?context=H4sIAAAAAAAA_wE_AMD_YToyOntzOjEzOiJsb2NhbFByaW9yaXR5IjtiOjA7czoxOiJ4IjtzOjE2OiJJRm93VGxGUmVVRkdDYmUwIjt9HFgA6z8AAAA
2-к. квартира,33,13 000 000₽,383481²,"Дальневосточный пр-т, 12к2",Проспект Большевиков,16–20 мин.,4 января 2024,https://www.avito.ru/sankt-peterburg/kvartiry/2-k._kvartira_339_m_413_et._3649398074?context=H4sIAAAAAAAA_wE_AMD_YToyOntzOjEzOiJsb2NhbFByaW9yaXR5IjtiOjA7czoxOiJ4IjtzOjE2OiJJRm93VGxGUmVVRkdDYmUwIjt9HFgA6z8AAAA
2-к. квартира,79 м²,18 000 000₽,227848²,"Манчестерская ул., 10к2",Удельная,11–15 мин.,27 сентября 2024,https://www.avito.ru/sankt-peterburg/kvartiry/2-k._kvartira_79_m_817_et._4149116664?context=H4sIAAAAAAAA_wE_AMD_YToyOntzOjEzOiJsb2NhbFByaW9yaXR5IjtiOjA7czoxOiJ4IjtzOjE2OiJJRm93VGxGUmVVRkdDYmUwIjt9HFgA6z8AAAA
Квартира-студия,27,17 029 350₽,614778²,"ул. Перевозная, д. 1, лит. Б",Садовая,21–30 мин.,,https://www.avito.ru/sankt-peterburg/kvartiry/kvartira-studiya_277_m_610_et._7928322823?context=H4sIAAAAAAAA_wE_AMD_YToyOntzOjEzOiJsb2NhbFByaW9yaXR5IjtiOjA7czoxOiJ4IjtzOjE2OiJJRm93VGxGUmVVRkdDYmUwIjt9HFgA6z8AAAA
2-к. квартира,50,9 700 000₽,191700²,"пр-т Художников, 13к3",Озерки,16–20 мин.,1 час назад,https://www.avito.ru/sankt-peterburg/kvartiry/2-k._kvartira_506_m_116_et._7884072695?context=H4sIAAAAAAAA_wE_AMD_YToyOntzOjEzOiJsb2NhbFByaW9yaXR5IjtiOjA7czoxOiJ4IjtzOjE2OiJJRm93VGxGUmVVRkdDYmUwIjt9HFgA6z8AAAA
2-к. квартира,56,10 138 221₽,178490²,,,,,https://www.avito.ru/sankt-peterburg/kvartiry/2-k._kvartira_568_m_39_et._7756352555?context=H4sIAAAAAAAA_wE_AMD_YToyOntzOjEzOiJsb2NhbFByaW9yaXR5IjtiOjA7czoxOiJ4IjtzOjE2OiJJRm93VGxGUmVVRkdDYmUwIjt9HFgA6z8AAAA
2-к. апартаменты,44,17 385 000₽,387194²,"пр-т Московский, д. 115, лит. В",Московские ворота,6–10 мин.,,https://www.avito.ru/sankt-peterburg/kvartiry/2-k._apartamenty_449_m_711_et._7772644315?context=H4sIAAAAAAAA_wE_AMD_YToyOntzOjEzOiJsb2NhbFByaW9yaXR5IjtiOjA7czoxOiJ4IjtzOjE2OiJJRm93VGxGUmVVRkdDYmUwIjt9HFgA6z8AAAA
2-к. квартира,51,8 000 000₽,154440²,"Белорусская ул., 14/22",Проспект Большевиков,от 31 мин.,1 час назад,https://www.avito.ru/sankt-peterburg/kvartiry/2-k._kvartira_518_m_29_et._8045444799?context=H4sIAAAAAAAA_wE_AMD_YToyOntzOjEzOiJsb2NhbFByaW9yaXR5IjtiOjA7czoxOiJ4IjtzOjE2OiJJRm93VGxGUmVVRkdDYmUwIjt9HFgA6z8AAAA
1-к. апартаменты,36,6 853 224₽,189840²,,Улица Дыбенко,21–30 мин.,,https://www.avito.ru/sankt-peterburg/kvartiry/1-k._apartamenty_361_m_311_et._2488386636?context=H4sIAAAAAAAA_wE_AMD_YToyOntzOjEzOiJsb2NhbFByaW9yaXR5IjtiOjA7czoxOiJ4IjtzOjE2OiJJRm93VGxGUmVVRkdDYmUwIjt9HFgA6z8AAAA
3-к. квартира,85,12 500 000₽,146714²,"пос. Шушары, Вишерская ул., 22",Купчино,от 31 мин.,11 октября 2021,https://www.avito.ru/sankt-peterburg/kvartiry/3-k._kvartira_852_m_1020_et._2269517482?context=H4sIAAAAAAAA_wE_AMD_YToyOntzOjEzOiJsb2NhbFByaW9yaXR5IjtiOjA7czoxOiJ4IjtzOjE2OiJJRm93VGxGUmVVRkdDYmUwIjt9HFgA6z8AAAA
2-к. квартира,59,15 900 000₽,269036²,"Антокольский пер., 4к1",Пролетарская,11–15 мин.,5 часов назад,https://www.avito.ru/sankt-peterburg/kvartiry/2-k._kvartira_591_m_2326_et._7990120766?context=H4sIAAAAAAAA_wE_AMD_YToyOntzOjEzOiJsb2NhbFByaW9yaXR5IjtiOjA7czoxOiJ4IjtzOjE2OiJJRm93VGxGUmVVRkdDYmUwIjt9HFgA6z8AAAA
3-к. квартира,104,30 351 400₽,289889²,"пр-т Юрия Гагарина, д. 32, корп. 4, лит. В",Московская,16–20 мин.,,https://www.avito.ru/sankt-peterburg/kvartiry/3-k._kvartira_1047_m_1823_et._7911831466?context=H4sIAAAAAAAA_wE_AMD_YToyOntzOjEzOiJsb2NhbFByaW9yaXR5IjtiOjA7czoxOiJ4IjtzOjE2OiJJRm93VGxGUmVVRkdDYmUwIjt9HFgA6z8AAAA
1-к. квартира,53,9 500 000₽,178236²,"ул. Пограничника Гарькавого, 9",,,28 января 12:33,https://www.avito.ru/sankt-peterburg/kvartiry/1-k._kvartira_533_m_34_et._7900727534?context=H4sIAAAAAAAA_wE_AMD_YToyOntzOjEzOiJsb2NhbFByaW9yaXR5IjtiOjA7czoxOiJ4IjtzOjE2OiJJRm93VGxGUmVVRkdDYmUwIjt9HFgA6z8AAAA
1-к. квартира,50 м²,8 900 000₽,178000²,"Большая Подьяческая ул., 5",Садовая,6–10 мин.,1 час назад,https://www.avito.ru/sankt-peterburg/kvartiry/1-k._kvartira_50_m_33_et._7889299643?context=H4sIAAAAAAAA_wE_AMD_YToyOntzOjEzOiJsb2NhbFByaW9yaXR5IjtiOjA7czoxOiJ4IjtzOjE2OiJJRm93VGxGUmVVRkdDYmUwIjt9HFgA6z8AAAA
Квартира-студия,27,16 890 900₽,609780²,"ул. Перевозная, д. 1, лит. Б",Садовая,21–30 мин.,,https://www.avito.ru/sankt-peterburg/kvartiry/kvartira-studiya_277_m_510_et._7927935479?context=H4sIAAAAAAAA_wE_AMD_YToyOntzOjEzOiJsb2NhbFByaW9yaXR5IjtiOjA7czoxOiJ4IjtzOjE2OiJJRm93VGxGUmVVRkdDYmUwIjt9HFgA6z8AAAA
1-к. квартира,32,7 800 000₽,241486²,"ул. Олеко Дундича, 29",Дунайская,11–15 мин.,3 недели назад,https://www.avito.ru/sankt-peterburg/kvartiry/1-k._kvartira_323_m_79_et._7941599903?context=H4sIAAAAAAAA_wE_AMD_YToyOntzOjEzOiJsb2NhbFByaW9yaXR5IjtiOjA7czoxOiJ4IjtzOjE2OiJJRm93VGxGUmVVRkdDYmUwIjt9HFgA6z8AAAA
1-к. квартира,44 м²,10 300 000₽,234091²,"ул. Черкасова, 14",Гражданский проспект,6–10 мин.,2 недели назад,https://www.avito.ru/sankt-peterburg/kvartiry/1-k._kvartira_44_m_1414_et._7893459700?context=H4sIAAAAAAAA_wE_AMD_YToyOntzOjEzOiJsb2NhbFByaW9yaXR5IjtiOjA7czoxOiJ4IjtzOjE2OiJJRm93VGxGUmVVRkdDYmUwIjt9HFgA6z8AAAA
1-к. квартира,40 м²,7 600 000₽,190000²,"Вербная ул., 20/2",Удельная,16–20 мин.,9 октября 2025,https://www.avito.ru/sankt-peterburg/kvartiry/1-k._kvartira_40_m_212_et._7678690740?context=H4sIAAAAAAAA_wE_AMD_YToyOntzOjEzOiJsb2NhbFByaW9yaXR5IjtiOjA7czoxOiJ4IjtzOjE2OiJJRm93VGxGUmVVRkdDYmUwIjt9HFgA6z8AAAA
2-к. квартира,50,12 400 000₽,245545²,"Поварской пер., 12",Маяковская,до 5 мин.,29 декабря 2025,https://www.avito.ru/sankt-peterburg/kvartiry/2-k._kvartira_505_m_15_et._7793137008?context=H4sIAAAAAAAA_wE_AMD_YToyOntzOjEzOiJsb2NhbFByaW9yaXR5IjtiOjA7czoxOiJ4IjtzOjE2OiJJRm93VGxGUmVVRkdDYmUwIjt9HFgA6z8AAAA
1-к. квартира,40,11 018 013₽,273400²,,Улица Дыбенко,21–30 мин.,,https://www.avito.ru/sankt-peterburg/kvartiry/1-k._kvartira_403_m_218_et._7534610635?context=H4sIAAAAAAAA_wE_AMD_YToyOntzOjEzOiJsb2NhbFByaW9yaXR5IjtiOjA7czoxOiJ4IjtzOjE2OiJJRm93VGxGUmVVRkdDYmUwIjt9HFgA6z8AAAA
1-к. квартира,39,9 300 000₽,235443²,"ул. Савушкина, 115к3",Старая деревня,11–15 мин.,3 марта 2024,https://www.avito.ru/sankt-peterburg/kvartiry/1-k._kvartira_395_m_1417_et._4194026093?context=H4sIAAAAAAAA_wE_AMD_YToyOntzOjEzOiJsb2NhbFByaW9yaXR5IjtiOjA7czoxOiJ4IjtzOjE2OiJJRm93VGxGUmVVRkdDYmUwIjt9HFgA6z8AAAA
Квартира-студия,27,16 890 900₽,609780²,"ул. Перевозная, д. 1, лит. Б",Садовая,21–30 мин.,,https://www.avito.ru/sankt-peterburg/kvartiry/kvartira-studiya_277_m_510_et._7927935479?context=H4sIAAAAAAAA_wE_AMD_YToyOntzOjEzOiJsb2NhbFByaW9yaXR5IjtiOjA7czoxOiJ4IjtzOjE2OiJ5cnMxSEZhUlRaUHRpbmZLIjt9i8oCoj8AAAA
1-к. квартира,32,7 800 000₽,241486²,"ул. Олеко Дундича, 29",Дунайская,11–15 мин.,3 недели назад,https://www.avito.ru/sankt-peterburg/kvartiry/1-k._kvartira_323_m_79_et._7941599903?context=H4sIAAAAAAAA_wE_AMD_YToyOntzOjEzOiJsb2NhbFByaW9yaXR5IjtiOjA7czoxOiJ4IjtzOjE2OiJ5cnMxSEZhUlRaUHRpbmZLIjt9i8oCoj8AAAA
1-к. квартира,44 м²,10 300 000₽,234091²,"ул. Черкасова, 14",Гражданский проспект,6–10 мин.,2 недели назад,https://www.avito.ru/sankt-peterburg/kvartiry/1-k._kvartira_44_m_1414_et._7893459700?context=H4sIAAAAAAAA_wE_AMD_YToyOntzOjEzOiJsb2NhbFByaW9yaXR5IjtiOjA7czoxOiJ4IjtzOjE2OiJ5cnMxSEZhUlRaUHRpbmZLIjt9i8oCoj8AAAA
2-к. квартира,50,12 400 000₽,245545²,"Поварской пер., 12",Маяковская,до 5 мин.,29 декабря 2025,https://www.avito.ru/sankt-peterburg/kvartiry/2-k._kvartira_505_m_15_et._7793137008?context=H4sIAAAAAAAA_wE_AMD_YToyOntzOjEzOiJsb2NhbFByaW9yaXR5IjtiOjA7czoxOiJ4IjtzOjE2OiJ5cnMxSEZhUlRaUHRpbmZLIjt9i8oCoj8AAAA
1-к. квартира,40,11 018 013₽,273400²,,Улица Дыбенко,21–30 мин.,,https://www.avito.ru/sankt-peterburg/kvartiry/1-k._kvartira_403_m_218_et._7534610635?context=H4sIAAAAAAAA_wE_AMD_YToyOntzOjEzOiJsb2NhbFByaW9yaXR5IjtiOjA7czoxOiJ4IjtzOjE2OiJ5cnMxSEZhUlRaUHRpbmZLIjt9i8oCoj8AAAA
1-к. квартира,39,9 300 000₽,235443²,"ул. Савушкина, 115к3",Старая деревня,11–15 мин.,3 марта 2024,https://www.avito.ru/sankt-peterburg/kvartiry/1-k._kvartira_395_m_1417_et._4194026093?context=H4sIAAAAAAAA_wE_AMD_YToyOntzOjEzOiJsb2NhbFByaW9yaXR5IjtiOjA7czoxOiJ4IjtzOjE2OiJ5cnMxSEZhUlRaUHRpbmZLIjt9i8oCoj8AAAA
2-к. квартира,50,12 900 000₽,257485²,"Будапештская ул., 5к2",Международная,11–15 мин.,1 неделю назад,https://www.avito.ru/sankt-peterburg/kvartiry/2-k._kvartira_501_m_79_et._7977528322?context=H4sIAAAAAAAA_wE_AMD_YToyOntzOjEzOiJsb2NhbFByaW9yaXR5IjtiOjA7czoxOiJ4IjtzOjE2OiJ5cnMxSEZhUlRaUHRpbmZLIjt9i8oCoj8AAAA
Квартира-студия,25,4 550 176₽,177050²,,Рыбацкое,от 31 мин.,,https://www.avito.ru/sankt-peterburg/kvartiry/kvartira-studiya_257_m_223_et._7892910425?context=H4sIAAAAAAAA_wE_AMD_YToyOntzOjEzOiJsb2NhbFByaW9yaXR5IjtiOjA7czoxOiJ4IjtzOjE2OiJ5cnMxSEZhUlRaUHRpbmZLIjt9i8oCoj8AAAA
Квартира-студия,30 м²,6 400 000₽,213333²,"ул. Радищева, 17-19",Площадь Восстания,6–10 мин.,28 октября 2025,https://www.avito.ru/sankt-peterburg/kvartiry/kvartira-studiya_30_m_25_et._7754498846?context=H4sIAAAAAAAA_wE_AMD_YToyOntzOjEzOiJsb2NhbFByaW9yaXR5IjtiOjA7czoxOiJ4IjtzOjE2OiJ5cnMxSEZhUlRaUHRpbmZLIjt9i8oCoj8AAAA
1-к. квартира,57,21 520 000₽,375567²,,Приморская,от 31 мин.,,https://www.avito.ru/sankt-peterburg/kvartiry/1-k._kvartira_573_m_27_et._7801978148?context=H4sIAAAAAAAA_wE_AMD_YToyOntzOjEzOiJsb2NhbFByaW9yaXR5IjtiOjA7czoxOiJ4IjtzOjE2OiJ5cnMxSEZhUlRaUHRpbmZLIjt9i8oCoj8AAAA
2-к. квартира,44,7 400 000₽,167421²,"Будапештская ул., 35к2",Проспект Славы,11–15 мин.,Вчера,https://www.avito.ru/sankt-peterburg/kvartiry/2-k._kvartira_442_m_35_et._7968608222?context=H4sIAAAAAAAA_wE_AMD_YToyOntzOjEzOiJsb2NhbFByaW9yaXR5IjtiOjA7czoxOiJ4IjtzOjE2OiJ5cnMxSEZhUlRaUHRpbmZLIjt9i8oCoj8AAAA
2-к. квартира,56,13 900 000₽,245583²,"Гражданский пр-т, 105к1",Гражданский проспект,11–15 мин.,29 ноября 2025,https://www.avito.ru/sankt-peterburg/kvartiry/2-k._kvartira_566_m_99_et._7800686703?context=H4sIAAAAAAAA_wE_AMD_YToyOntzOjEzOiJsb2NhbFByaW9yaXR5IjtiOjA7czoxOiJ4IjtzOjE2OiJ5cnMxSEZhUlRaUHRpbmZLIjt9i8oCoj8AAAA
1-к. квартира,38 м²,9 500 000₽,250000²,"Богатырский пр-т, 36к1",Комендантский проспект,16–20 мин.,1 час назад,https://www.avito.ru/sankt-peterburg/kvartiry/1-k._kvartira_38_m_1117_et._7970519473?context=H4sIAAAAAAAA_wE_AMD_YToyOntzOjEzOiJsb2NhbFByaW9yaXR5IjtiOjA7czoxOiJ4IjtzOjE2OiJ5cnMxSEZhUlRaUHRpbmZLIjt9i8oCoj8AAAA
2-к. квартира,62,16 991 182₽,270560²,,Улица Дыбенко,21–30 мин.,,https://www.avito.ru/sankt-peterburg/kvartiry/2-k._kvartira_628_m_313_et._7534326098?context=H4sIAAAAAAAA_wE_AMD_YToyOntzOjEzOiJsb2NhbFByaW9yaXR5IjtiOjA7czoxOiJ4IjtzOjE2OiJ5cnMxSEZhUlRaUHRpbmZLIjt9i8oCoj8AAAA
3-к. квартира,89 м²,15 800 000₽,177528²,"Гаванская ул., 45",Приморская,16–20 мин.,19 ноября 2025,https://www.avito.ru/sankt-peterburg/kvartiry/3-k._kvartira_89_m_45_et._7845131835?context=H4sIAAAAAAAA_wE_AMD_YToyOntzOjEzOiJsb2NhbFByaW9yaXR5IjtiOjA7czoxOiJ4IjtzOjE2OiJ5cnMxSEZhUlRaUHRpbmZLIjt9i8oCoj8AAAA
1-к. квартира,48,22 940 000₽,475934²,"Петровский пр-т, 9к2",Крестовский остров,16–20 мин.,15 января 16:52,https://www.avito.ru/sankt-peterburg/kvartiry/1-k._kvartira_482_m_69_et._7867915212?context=H4sIAAAAAAAA_wE_AMD_YToyOntzOjEzOiJsb2NhbFByaW9yaXR5IjtiOjA7czoxOiJ4IjtzOjE2OiJ5cnMxSEZhUlRaUHRpbmZLIjt9i8oCoj8AAAA
1-к. апартаменты,46,9 280 000₽,200000²,"Таллинская ул., 11с2",Новочеркасская,6–10 мин.,2 часа назад,https://www.avito.ru/sankt-peterburg/kvartiry/1-k._apartamenty_464_m_99_et._7910737656?context=H4sIAAAAAAAA_wE_AMD_YToyOntzOjEzOiJsb2NhbFByaW9yaXR5IjtiOjA7czoxOiJ4IjtzOjE2OiJ5cnMxSEZhUlRaUHRpbmZLIjt9i8oCoj8AAAA
4-к. квартира,74,11 500 000₽,154155²,"пр-т Луначарского, 62к1",Озерки,16–20 мин.,3 дня назад,https://www.avito.ru/sankt-peterburg/kvartiry/4-k._kvartira_746_m_39_et._7848770110?context=H4sIAAAAAAAA_wE_AMD_YToyOntzOjEzOiJsb2NhbFByaW9yaXR5IjtiOjA7czoxOiJ4IjtzOjE2OiJ5cnMxSEZhUlRaUHRpbmZLIjt9i8oCoj8AAAA
Квартира-студия,13,2 990 000₽,228244²,"ул. Черняховского, 52",Лиговский проспект,до 5 мин.,22 января 18:02,https://www.avito.ru/sankt-peterburg/kvartiry/kvartira-studiya_131_m_14_et._7897720530?context=H4sIAAAAAAAA_wE_AMD_YToyOntzOjEzOiJsb2NhbFByaW9yaXR5IjtiOjA7czoxOiJ4IjtzOjE2OiJ5cnMxSEZhUlRaUHRpbmZLIjt9i8oCoj8AAAA
Апартаменты-студия,23,4 682 804₽,201845²,,Улица Дыбенко,21–30 мин.,,https://www.avito.ru/sankt-peterburg/kvartiry/apartamenty-studiya_232_m_411_et._2488049875?context=H4sIAAAAAAAA_wE_AMD_YToyOntzOjEzOiJsb2NhbFByaW9yaXR5IjtiOjA7czoxOiJ4IjtzOjE2OiJ5cnMxSEZhUlRaUHRpbmZLIjt9i8oCoj8AAAA
3-к. квартира,86 м²,14 500 000₽,168605²,"пос. Шушары, Новгородский пр-т, 10",Купчино,от 31 мин.,27 апреля 2025,https://www.avito.ru/sankt-peterburg/kvartiry/3-k._kvartira_86_m_1924_et._7314259820?context=H4sIAAAAAAAA_wE_AMD_YToyOntzOjEzOiJsb2NhbFByaW9yaXR5IjtiOjA7czoxOiJ4IjtzOjE2OiJ5cnMxSEZhUlRaUHRpbmZLIjt9i8oCoj8AAAA
1-к. квартира,35,7 600 664₽,214708²,"ул. Соколиная, д. 10, корп. 2, стр. 1",,,,https://www.avito.ru/sankt-peterburg/kvartiry/1-k._kvartira_354_m_44_et._3499103612?context=H4sIAAAAAAAA_wE_AMD_YToyOntzOjEzOiJsb2NhbFByaW9yaXR5IjtiOjA7czoxOiJ4IjtzOjE2OiJ5cnMxSEZhUlRaUHRpbmZLIjt9i8oCoj8AAAA
2-к. квартира,53,21 650 000₽,404673²,"26-я линия Васильевского острова, 7",Горный институт,до 5 мин.,1 сентября 2025,https://www.avito.ru/sankt-peterburg/kvartiry/2-k._kvartira_535_m_212_et._7693435996?context=H4sIAAAAAAAA_wE_AMD_YToyOntzOjEzOiJsb2NhbFByaW9yaXR5IjtiOjA7czoxOiJ4IjtzOjE2OiJ5cnMxSEZhUlRaUHRpbmZLIjt9i8oCoj8AAAA
Квартира-студия,25 м²,5 599 000₽,223960²,"Невский пр-т, 95",Площадь Восстания,до 5 мин.,1 неделю назад,https://www.avito.ru/sankt-peterburg/kvartiry/kvartira-studiya_25_m_37_et._7961616665?context=H4sIAAAAAAAA_wE_AMD_YToyOntzOjEzOiJsb2NhbFByaW9yaXR5IjtiOjA7czoxOiJ4IjtzOjE2OiJ5cnMxSEZhUlRaUHRpbmZLIjt9i8oCoj8AAAA
1-к. квартира,35 м²,9 990 000₽,285429²,"ул. Седова, 91к2",Ломоносовская,11–15 мин.,28 января 13:06,https://www.avito.ru/sankt-peterburg/kvartiry/1-k._kvartira_35_m_37_et._7816479994?context=H4sIAAAAAAAA_wE_AMD_YToyOntzOjEzOiJsb2NhbFByaW9yaXR5IjtiOjA7czoxOiJ4IjtzOjE2OiJ5cnMxSEZhUlRaUHRpbmZLIjt9i8oCoj8AAAA
Квартира-студия,23 м²,4 799 000₽,208652²,"Лермонтовский пр-т, 10/53",Садовая,16–20 мин.,2 недели назад,https://www.avito.ru/sankt-peterburg/kvartiry/kvartira-studiya_23_m_34_et._7929804017?context=H4sIAAAAAAAA_wE_AMD_YToyOntzOjEzOiJsb2NhbFByaW9yaXR5IjtiOjA7czoxOiJ4IjtzOjE2OiJ5cnMxSEZhUlRaUHRpbmZLIjt9i8oCoj8AAAA
2-к. квартира,67,11 385 458₽,168175²,,,,,https://www.avito.ru/sankt-peterburg/kvartiry/2-k._kvartira_677_m_212_et._7680574017?context=H4sIAAAAAAAA_wE_AMD_YToyOntzOjEzOiJsb2NhbFByaW9yaXR5IjtiOjA7czoxOiJ4IjtzOjE2OiJ5cnMxSEZhUlRaUHRpbmZLIjt9i8oCoj8AAAA
3-к. квартира,55,10 500 000₽,188510²,"ул. Орбели, 18",Площадь Мужества,16–20 мин.,28 января 20:29,https://www.avito.ru/sankt-peterburg/kvartiry/3-k._kvartira_557_m_35_et._7887312262?context=H4sIAAAAAAAA_wE_AMD_YToyOntzOjEzOiJsb2NhbFByaW9yaXR5IjtiOjA7czoxOiJ4IjtzOjE2OiJ5cnMxSEZhUlRaUHRpbmZLIjt9i8oCoj8AAAA
2-к. квартира,57,13 990 000₽,242882²,"Долгоозёрная ул., 2",Комендантский проспект,16–20 мин.,1 час назад,https://www.avito.ru/sankt-peterburg/kvartiry/2-k._kvartira_576_m_310_et._7884105483?context=H4sIAAAAAAAA_wE_AMD_YToyOntzOjEzOiJsb2NhbFByaW9yaXR5IjtiOjA7czoxOiJ4IjtzOjE2OiJ5cnMxSEZhUlRaUHRpbmZLIjt9i8oCoj8AAAA
Квартира-студия,25 м²,6 560 000₽,262400²,"Галерная ул., 53",Василеостровская,16–20 мин.,3 дня назад,https://www.avito.ru/sankt-peterburg/kvartiry/kvartira-studiya_25_m_24_et._7991046405?context=H4sIAAAAAAAA_wE_AMD_YToyOntzOjEzOiJsb2NhbFByaW9yaXR5IjtiOjA7czoxOiJ4IjtzOjE2OiJ5cnMxSEZhUlRaUHRpbmZLIjt9i8oCoj8AAAA
2-к. квартира,49,9 500 000₽,190381²,"пр-т Кузнецова, 23к1",Юго-Западная,от 31 мин.,12 ноября 2023,https://www.avito.ru/sankt-peterburg/kvartiry/2-k._kvartira_499_m_59_et._3689650432?context=H4sIAAAAAAAA_wE_AMD_YToyOntzOjEzOiJsb2NhbFByaW9yaXR5IjtiOjA7czoxOiJ4IjtzOjE2OiJ5cnMxSEZhUlRaUHRpbmZLIjt9i8oCoj8AAAA
3-к. квартира,73,8 100 000₽,109608²,"пр-т Народного Ополчения, 205",Проспект Ветеранов,от 31 мин.,Вчера,https://www.avito.ru/sankt-peterburg/kvartiry/3-k._kvartira_739_m_25_et._7946785959?context=H4sIAAAAAAAA_wE_AMD_YToyOntzOjEzOiJsb2NhbFByaW9yaXR5IjtiOjA7czoxOiJ4IjtzOjE2OiJ5cnMxSEZhUlRaUHRpbmZLIjt9i8oCoj8AAAA
Квартира-студия,25,7 600 000₽,300395²,"пр-т Коменданский, д. 71, корп. 2",Комендантский проспект,от 31 мин.,,https://www.avito.ru/sankt-peterburg/kvartiry/kvartira-studiya_253_m_612_et._7865536906?context=H4sIAAAAAAAA_wE_AMD_YToyOntzOjEzOiJsb2NhbFByaW9yaXR5IjtiOjA7czoxOiJ4IjtzOjE2OiJ5cnMxSEZhUlRaUHRpbmZLIjt9i8oCoj8AAAA
2-к. квартира,62,9 900 000₽,157895²,"Муринская дорога, 74к1",Девяткино,21–30 мин.,31 августа 2025,https://www.avito.ru/sankt-peterburg/kvartiry/2-k._kvartira_627_m_1717_et._7560249140?context=H4sIAAAAAAAA_wE_AMD_YToyOntzOjEzOiJsb2NhbFByaW9yaXR5IjtiOjA7czoxOiJ4IjtzOjE2OiJ5cnMxSEZhUlRaUHRpbmZLIjt9i8oCoj8AAAA
Квартира-студия,20,4 319 999₽,207692²,,,,,https://www.avito.ru/sankt-peterburg/kvartiry/kvartira-studiya_208_m_112_et._7820161754?context=H4sIAAAAAAAA_wE_AMD_YToyOntzOjEzOiJsb2NhbFByaW9yaXR5IjtiOjA7czoxOiJ4IjtzOjE2OiJ5cnMxSEZhUlRaUHRpbmZLIjt9i8oCoj8AAAA
1-к. квартира,36 м²,8 500 000₽,236111²,"Российский пр-т, 14",Проспект Большевиков,11–15 мин.,1 час назад,https://www.avito.ru/sankt-peterburg/kvartiry/1-k._kvartira_36_m_1016_et._7908253029?context=H4sIAAAAAAAA_wE_AMD_YToyOntzOjEzOiJsb2NhbFByaW9yaXR5IjtiOjA7czoxOiJ4IjtzOjE2OiJ5cnMxSEZhUlRaUHRpbmZLIjt9i8oCoj8AAAA
1-к. квартира,46,17 316 000₽,370000²,"Большой Сампсониевский пр-т, 77/7",Лесная,6–10 мин.,20 октября 2025,https://www.avito.ru/sankt-peterburg/kvartiry/1-k._kvartira_468_m_26_et._7737180493?context=H4sIAAAAAAAA_wE_AMD_YToyOntzOjEzOiJsb2NhbFByaW9yaXR5IjtiOjA7czoxOiJ4IjtzOjE2OiJ5cnMxSEZhUlRaUHRpbmZLIjt9i8oCoj8AAAA
1-к. квартира,30,6 500 000₽,213115²,"пр-т Науки, 14к1",Академическая,6–10 мин.,Вчера,https://www.avito.ru/sankt-peterburg/kvartiry/1-k._kvartira_305_m_79_et._7888944109?context=H4sIAAAAAAAA_wE_AMD_YToyOntzOjEzOiJsb2NhbFByaW9yaXR5IjtiOjA7czoxOiJ4IjtzOjE2OiJ5cnMxSEZhUlRaUHRpbmZLIjt9i8oCoj8AAAA
3-к. квартира,62,12 000 000₽,192926²,,,,2 часа назад,https://www.avito.ru/sankt-peterburg_zelenogorsk/kvartiry/3-k._kvartira_622_m_13_et._7890731316?context=H4sIAAAAAAAA_wE_AMD_YToyOntzOjEzOiJsb2NhbFByaW9yaXR5IjtiOjA7czoxOiJ4IjtzOjE2OiJ5cnMxSEZhUlRaUHRpbmZLIjt9i8oCoj8AAAA
Квартира-студия,19,6 500 000₽,340314²,"ул. Тюшина, 24",Обводный канал,6–10 мин.,1 час назад,https://www.avito.ru/sankt-peterburg/kvartiry/kvartira-studiya_191_m_36_et._8045331999?context=H4sIAAAAAAAA_wE_AMD_YToyOntzOjEzOiJsb2NhbFByaW9yaXR5IjtiOjA7czoxOiJ4IjtzOjE2OiJ5cnMxSEZhUlRaUHRpbmZLIjt9i8oCoj8AAAA
1-к. квартира,38 м²,10 925 620₽,287516²,,Улица Дыбенко,21–30 мин.,,https://www.avito.ru/sankt-peterburg/kvartiry/1-k._kvartira_38_m_418_et._7534007219?context=H4sIAAAAAAAA_wE_AMD_YToyOntzOjEzOiJsb2NhbFByaW9yaXR5IjtiOjA7czoxOiJ4IjtzOjE2OiJ5cnMxSEZhUlRaUHRpbmZLIjt9i8oCoj8AAAA
2-к. квартира,58,9 980 000₽,171478²,"Новочеркасский пр-т, 59к1",Новочеркасская,11–15 мин.,1 декабря 2025,https://www.avito.ru/sankt-peterburg/kvartiry/2-k._kvartira_582_m_25_et._7801239262?context=H4sIAAAAAAAA_wE_AMD_YToyOntzOjEzOiJsb2NhbFByaW9yaXR5IjtiOjA7czoxOiJ4IjtzOjE2OiJ5cnMxSEZhUlRaUHRpbmZLIjt9i8oCoj8AAAA
2-к. квартира,56 м²,13 960 000₽,249286²,"Ленинский пр-т, 74к3",Юго-Западная,21–30 мин.,3 недели назад,https://www.avito.ru/sankt-peterburg/kvartiry/2-k._kvartira_56_m_1822_et._7958485088?context=H4sIAAAAAAAA_wE_AMD_YToyOntzOjEzOiJsb2NhbFByaW9yaXR5IjtiOjA7czoxOiJ4IjtzOjE2OiJ5cnMxSEZhUlRaUHRpbmZLIjt9i8oCoj8AAAA
3-к. квартира,77,15 500 000₽,200258²,"Ивановская ул., 22",Ломоносовская,6–10 мин.,Вчера,https://www.avito.ru/sankt-peterburg/kvartiry/3-k._kvartira_774_m_45_et._7961293793?context=H4sIAAAAAAAA_wE_AMD_YToyOntzOjEzOiJsb2NhbFByaW9yaXR5IjtiOjA7czoxOiJ4IjtzOjE2OiJ5cnMxSEZhUlRaUHRpbmZLIjt9i8oCoj8AAAA
3-к. квартира,58,10 000 000₽,172117²,"пр-т Славы, 4",Проспект Славы,16–20 мин.,2 часа назад,https://www.avito.ru/sankt-peterburg/kvartiry/3-k._kvartira_581_m_410_et._7933320241?context=H4sIAAAAAAAA_wE_AMD_YToyOntzOjEzOiJsb2NhbFByaW9yaXR5IjtiOjA7czoxOiJ4IjtzOjE2OiJ5cnMxSEZhUlRaUHRpbmZLIjt9i8oCoj8AAAA
2-к. квартира,66,27 900 000₽,418291²,"Московский пр-т, 136",Московские ворота,6–10 мин.,3 недели назад,https://www.avito.ru/sankt-peterburg/kvartiry/2-k._kvartira_667_m_35_et._7870702871?context=H4sIAAAAAAAA_wE_AMD_YToyOntzOjEzOiJsb2NhbFByaW9yaXR5IjtiOjA7czoxOiJ4IjtzOjE2OiJ5cnMxSEZhUlRaUHRpbmZLIjt9i8oCoj8AAAA
2-к. квартира,46,7 200 000₽,155844²,"пр-т Шаумяна, 81",Новочеркасская,11–15 мин.,8 октября 2025,https://www.avito.ru/sankt-peterburg/kvartiry/2-k._kvartira_462_m_55_et._7681973944?context=H4sIAAAAAAAA_wE_AMD_YToyOntzOjEzOiJsb2NhbFByaW9yaXR5IjtiOjA7czoxOiJ4IjtzOjE2OiJ5cnMxSEZhUlRaUHRpbmZLIjt9i8oCoj8AAAA
Апартаменты-студия,27,5 299 000₽,194103²,"ул. Хошимина, 16",Проспект Просвещения,6–10 мин.,15 января 16:05,https://www.avito.ru/sankt-peterburg/kvartiry/apartamenty-studiya_273_m_1316_et._7904248585?context=H4sIAAAAAAAA_wE_AMD_YToyOntzOjEzOiJsb2NhbFByaW9yaXR5IjtiOjA7czoxOiJ4IjtzOjE2OiJ5cnMxSEZhUlRaUHRpbmZLIjt9i8oCoj8AAAA
2-к. квартира,59,21 200 000₽,355109²,"ул. Челюскина, 10",Приморская,от 31 мин.,29 декабря 2025,https://www.avito.ru/sankt-peterburg/kvartiry/2-k._kvartira_597_m_1719_et._7828698615?context=H4sIAAAAAAAA_wE_AMD_YToyOntzOjEzOiJsb2NhbFByaW9yaXR5IjtiOjA7czoxOiJ4IjtzOjE2OiJ5cnMxSEZhUlRaUHRpbmZLIjt9i8oCoj8AAAA
3-к. квартира,77,23 500 000₽,302835²,"Железнодорожный пр-т, 14к1",Ломоносовская,11–15 мин.,27 августа 2025,https://www.avito.ru/sankt-peterburg/kvartiry/3-k._kvartira_776_m_914_et._7605076180?context=H4sIAAAAAAAA_wE_AMD_YToyOntzOjEzOiJsb2NhbFByaW9yaXR5IjtiOjA7czoxOiJ4IjtzOjE2OiJ5cnMxSEZhUlRaUHRpbmZLIjt9i8oCoj8AAAA
2-к. квартира,54,13 500 000₽,247253²,"ул. Кораблестроителей, 38к1",Приморская,16–20 мин.,Вчера,https://www.avito.ru/sankt-peterburg/kvartiry/2-k._kvartira_546_m_1416_et._7970556397?context=H4sIAAAAAAAA_wE_AMD_YToyOntzOjEzOiJsb2NhbFByaW9yaXR5IjtiOjA7czoxOiJ4IjtzOjE2OiJxQ1RnNFlRajk3dDlMc3Z6Ijt9pWNYHD8AAAA
2-к. квартира,46 м²,8 800 000₽,191304²,"пр-т Художников, 30к2",Проспект Просвещения,16–20 мин.,1 неделю назад,https://www.avito.ru/sankt-peterburg/kvartiry/2-k._kvartira_46_m_29_et._7932459881?context=H4sIAAAAAAAA_wE_AMD_YToyOntzOjEzOiJsb2NhbFByaW9yaXR5IjtiOjA7czoxOiJ4IjtzOjE2OiJxQ1RnNFlRajk3dDlMc3Z6Ijt9pWNYHD8AAAA
Квартира-студия,26,7 490 000₽,282642²,"Коломенская ул., 42",Лиговский проспект,до 5 мин.,3 дня назад,https://www.avito.ru/sankt-peterburg/kvartiry/kvartira-studiya_265_m_34_et._7889776147?context=H4sIAAAAAAAA_wE_AMD_YToyOntzOjEzOiJsb2NhbFByaW9yaXR5IjtiOjA7czoxOiJ4IjtzOjE2OiJxQ1RnNFlRajk3dDlMc3Z6Ijt9pWNYHD8AAAA
2-к. квартира,57,10 900 000₽,189565²,"ул. Ильюшина, 6",Комендантский проспект,до 5 мин.,3 дня назад,https://www.avito.ru/sankt-peterburg/kvartiry/2-k._kvartira_575_m_610_et._7977768303?context=H4sIAAAAAAAA_wE_AMD_YToyOntzOjEzOiJsb2NhbFByaW9yaXR5IjtiOjA7czoxOiJ4IjtzOjE2OiJxQ1RnNFlRajk3dDlMc3Z6Ijt9pWNYHD8AAAA
2-к. квартира,46,5 599 000₽,120409²,"ул. Добровольцев, 48к2",,,3 дня назад,https://www.avito.ru/sankt-peterburg/kvartiry/2-k._kvartira_465_m_55_et._7879091392?context=H4sIAAAAAAAA_wE_AMD_YToyOntzOjEzOiJsb2NhbFByaW9yaXR5IjtiOjA7czoxOiJ4IjtzOjE2OiJxQ1RnNFlRajk3dDlMc3Z6Ijt9pWNYHD8AAAA
2-к. квартира,47 м²,6 500 000₽,138298²,"ул. Партизана Германа, 9к2",Проспект Ветеранов,от 31 мин.,7 дней назад,https://www.avito.ru/sankt-peterburg/kvartiry/2-k._kvartira_47_m_45_et._7998922481?context=H4sIAAAAAAAA_wE_AMD_YToyOntzOjEzOiJsb2NhbFByaW9yaXR5IjtiOjA7czoxOiJ4IjtzOjE2OiJxQ1RnNFlRajk3dDlMc3Z6Ijt9pWNYHD8AAAA
2-к. квартира,48,9 200 000₽,188525²,"Курляндская ул., 23",Балтийская,16–20 мин.,3 дня назад,https://www.avito.ru/sankt-peterburg/kvartiry/2-k._kvartira_488_m_24_et._7918896095?context=H4sIAAAAAAAA_wE_AMD_YToyOntzOjEzOiJsb2NhbFByaW9yaXR5IjtiOjA7czoxOiJ4IjtzOjE2OiJxQ1RnNFlRajk3dDlMc3Z6Ijt9pWNYHD8AAAA
Квартира-студия,44,12 000 000₽,269663²,"Садовая ул., 59",Садовая,6–10 мин.,24 июля 2025,https://www.avito.ru/sankt-peterburg/kvartiry/kvartira-studiya_445_m_35_et._7518973563?context=H4sIAAAAAAAA_wE_AMD_YToyOntzOjEzOiJsb2NhbFByaW9yaXR5IjtiOjA7czoxOiJ4IjtzOjE2OiJxQ1RnNFlRajk3dDlMc3Z6Ijt9pWNYHD8AAAA
1-к. квартира,32,6 190 000₽,190462²,"пр-т Просвещения, 24/2",Проспект Просвещения,11–15 мин.,3 дня назад,https://www.avito.ru/sankt-peterburg/kvartiry/1-k._kvartira_325_m_59_et._7931921059?context=H4sIAAAAAAAA_wE_AMD_YToyOntzOjEzOiJsb2NhbFByaW9yaXR5IjtiOjA7czoxOiJ4IjtzOjE2OiJxQ1RnNFlRajk3dDlMc3Z6Ijt9pWNYHD8AAAA
3-к. квартира,49,10 800 000₽,219512²,"Прибрежная ул., 2/41",Рыбацкое,11–15 мин.,3 дня назад,https://www.avito.ru/sankt-peterburg/kvartiry/3-k._kvartira_492_m_716_et._7930350072?context=H4sIAAAAAAAA_wE_AMD_YToyOntzOjEzOiJsb2NhbFByaW9yaXR5IjtiOjA7czoxOiJ4IjtzOjE2OiJxQ1RnNFlRajk3dDlMc3Z6Ijt9pWNYHD8AAAA
Квартира-студия,24,4 900 000₽,196787²,"ул. Лётчика Лихолетова, 14к2",,,3 дня назад,https://www.avito.ru/sankt-peterburg/kvartiry/kvartira-studiya_249_m_712_et._7930521200?context=H4sIAAAAAAAA_wE_AMD_YToyOntzOjEzOiJsb2NhbFByaW9yaXR5IjtiOjA7czoxOiJ4IjtzOjE2OiJxQ1RnNFlRajk3dDlMc3Z6Ijt9pWNYHD8AAAA
2-к. квартира,49,12 470 000₽,252429²,"14-я линия Васильевского острова, 51",Василеостровская,6–10 мин.,3 дня назад,https://www.avito.ru/sankt-peterburg/kvartiry/2-k._kvartira_494_m_44_et._7946009803?context=H4sIAAAAAAAA_wE_AMD_YToyOntzOjEzOiJsb2NhbFByaW9yaXR5IjtiOjA7czoxOiJ4IjtzOjE2OiJxQ1RnNFlRajk3dDlMc3Z6Ijt9pWNYHD8AAAA
Квартира-студия,14,2 990 000₽,210563²,"2-я линия Васильевского острова, 45",Спортивная,до 5 мин.,7 дней назад,https://www.avito.ru/sankt-peterburg/kvartiry/kvartira-studiya_142_m_24_et._7946932695?context=H4sIAAAAAAAA_wE_AMD_YToyOntzOjEzOiJsb2NhbFByaW9yaXR5IjtiOjA7czoxOiJ4IjtzOjE2OiJxQ1RnNFlRajk3dDlMc3Z6Ijt9pWNYHD8AAAA
1-к. квартира,36,7 990 000₽,218904²,"пос. Парголово, ул. Фёдора Абрамова, 8",Парнас,11–15 мин.,3 дня назад,https://www.avito.ru/sankt-peterburg/kvartiry/1-k._kvartira_365_m_2527_et._7939703246?context=H4sIAAAAAAAA_wE_AMD_YToyOntzOjEzOiJsb2NhbFByaW9yaXR5IjtiOjA7czoxOiJ4IjtzOjE2OiJxQ1RnNFlRajk3dDlMc3Z6Ijt9pWNYHD8AAAA
1-к. квартира,41,8 150 000₽,196860²,"пр-т Авиаконструкторов, 42к2",Комендантский проспект,от 31 мин.,3 дня назад,https://www.avito.ru/sankt-peterburg/kvartiry/1-k._kvartira_414_m_910_et._7928430474?context=H4sIAAAAAAAA_wE_AMD_YToyOntzOjEzOiJsb2NhbFByaW9yaXR5IjtiOjA7czoxOiJ4IjtzOjE2OiJxQ1RnNFlRajk3dDlMc3Z6Ijt9pWNYHD8AAAA
1-к. квартира,41,7 380 000₽,176978²,"пр-т Героев, 26к3",,,3 дня назад,https://www.avito.ru/sankt-peterburg/kvartiry/1-k._kvartira_417_m_1417_et._7908080015?context=H4sIAAAAAAAA_wE_AMD_YToyOntzOjEzOiJsb2NhbFByaW9yaXR5IjtiOjA7czoxOiJ4IjtzOjE2OiJxQ1RnNFlRajk3dDlMc3Z6Ijt9pWNYHD8AAAA
1-к. квартира,25 м²,5 000 000₽,200000²,"Автовская ул., 29",Автово,6–10 мин.,1 неделю назад,https://www.avito.ru/sankt-peterburg/kvartiry/1-k._kvartira_25_m_28_et._7887952334?context=H4sIAAAAAAAA_wE_AMD_YToyOntzOjEzOiJsb2NhbFByaW9yaXR5IjtiOjA7czoxOiJ4IjtzOjE2OiJxQ1RnNFlRajk3dDlMc3Z6Ijt9pWNYHD8AAAA
1-к. квартира,31,5 600 000₽,177778²,"пос. Шушары, Новгородский пр-т, 10",Купчино,от 31 мин.,3 дня назад,https://www.avito.ru/sankt-peterburg/kvartiry/1-k._kvartira_315_m_1324_et._7939218797?context=H4sIAAAAAAAA_wE_AMD_YToyOntzOjEzOiJsb2NhbFByaW9yaXR5IjtiOjA7czoxOiJ4IjtzOjE2OiJxQ1RnNFlRajk3dDlMc3Z6Ijt9pWNYHD8AAAA
1-к. квартира,35,3 700 000₽,103064²,"Синопская наб., 28",Площадь А. Невского I,6–10 мин.,10 февраля 2025,https://www.avito.ru/sankt-peterburg/kvartiry/1-k._kvartira_359_m_33_et._4635865206?context=H4sIAAAAAAAA_wE_AMD_YToyOntzOjEzOiJsb2NhbFByaW9yaXR5IjtiOjA7czoxOiJ4IjtzOjE2OiJxQ1RnNFlRajk3dDlMc3Z6Ijt9pWNYHD8AAAA
4-к. квартира,90,9 300 000₽,102990²,"пр-т Ударников, 18",Ладожская,от 31 мин.,24 сентября 2025,https://www.avito.ru/sankt-peterburg/kvartiry/4-k._kvartira_903_m_815_et._7634757507?context=H4sIAAAAAAAA_wE_AMD_YToyOntzOjEzOiJsb2NhbFByaW9yaXR5IjtiOjA7czoxOiJ4IjtzOjE2OiJxQ1RnNFlRajk3dDlMc3Z6Ijt9pWNYHD8AAAA
1-к. квартира,36,6 499 000₽,177084²,"пос. Шушары, Школьная ул., 17",Купчино,от 31 мин.,3 дня назад,https://www.avito.ru/sankt-peterburg/kvartiry/1-k._kvartira_367_m_416_et._7961703644?context=H4sIAAAAAAAA_wE_AMD_YToyOntzOjEzOiJsb2NhbFByaW9yaXR5IjtiOjA7czoxOiJ4IjtzOjE2OiJxQ1RnNFlRajk3dDlMc3Z6Ijt9pWNYHD8AAAA
Квартира-студия,27 м²,5 620 000₽,208148²,"ул. Жуковского, 5",Маяковская,6–10 мин.,7 дней назад,https://www.avito.ru/sankt-peterburg/kvartiry/kvartira-studiya_27_m_47_et._7987661417?context=H4sIAAAAAAAA_wE_AMD_YToyOntzOjEzOiJsb2NhbFByaW9yaXR5IjtiOjA7czoxOiJ4IjtzOjE2OiJxQ1RnNFlRajk3dDlMc3Z6Ijt9pWNYHD8AAAA
Квартира-студия,20 м²,5 490 000₽,274500²,"Лиговский пр-т, 63",Площадь Восстания,6–10 мин.,3 недели назад,https://www.avito.ru/sankt-peterburg/kvartiry/kvartira-studiya_20_m_37_et._7938563452?context=H4sIAAAAAAAA_wE_AMD_YToyOntzOjEzOiJsb2NhbFByaW9yaXR5IjtiOjA7czoxOiJ4IjtzOjE2OiJxQ1RnNFlRajk3dDlMc3Z6Ijt9pWNYHD8AAAA
2-к. квартира,56,16 999 900₽,299294²,"Светлановский пр-т, 8",Удельная,21–30 мин.,3 дня назад,https://www.avito.ru/sankt-peterburg/kvartiry/2-k._kvartira_568_m_69_et._7890503112?context=H4sIAAAAAAAA_wE_AMD_YToyOntzOjEzOiJsb2NhbFByaW9yaXR5IjtiOjA7czoxOiJ4IjtzOjE2OiJxQ1RnNFlRajk3dDlMc3Z6Ijt9pWNYHD8AAAA
1-к. квартира,34,6 395 000₽,186988²,"Русановская ул., 18к6",Обухово,от 31 мин.,3 дня назад,https://www.avito.ru/sankt-peterburg/kvartiry/1-k._kvartira_342_m_1224_et._7910528715?context=H4sIAAAAAAAA_wE_AMD_YToyOntzOjEzOiJsb2NhbFByaW9yaXR5IjtiOjA7czoxOiJ4IjtzOjE2OiJxQ1RnNFlRajk3dDlMc3Z6Ijt9pWNYHD8AAAA
1-к. квартира,32 м²,6 420 000₽,200625²,"ул. Сикейроса, 6к1",Озерки,до 5 мин.,3 дня назад,https://www.avito.ru/sankt-peterburg/kvartiry/1-k._kvartira_32_m_19_et._7931394568?context=H4sIAAAAAAAA_wE_AMD_YToyOntzOjEzOiJsb2NhbFByaW9yaXR5IjtiOjA7czoxOiJ4IjtzOjE2OiJxQ1RnNFlRajk3dDlMc3Z6Ijt9pWNYHD8AAAA
2-к. квартира,42,9 900 000₽,234043²,"Удельный пр-т, 55",Удельная,11–15 мин.,7 дней назад,https://www.avito.ru/sankt-peterburg/kvartiry/2-k._kvartira_423_m_25_et._7999570784?context=H4sIAAAAAAAA_wE_AMD_YToyOntzOjEzOiJsb2NhbFByaW9yaXR5IjtiOjA7czoxOiJ4IjtzOjE2OiJxQ1RnNFlRajk3dDlMc3Z6Ijt9pWNYHD8AAAA
1-к. квартира,31,3 500 000₽,111465²,"пос. Понтонный, Клубная ул., 1/2",,,3 дня назад,https://www.avito.ru/sankt-peterburg/kvartiry/1-k._kvartira_314_m_15_et._7970601566?context=H4sIAAAAAAAA_wE_AMD_YToyOntzOjEzOiJsb2NhbFByaW9yaXR5IjtiOjA7czoxOiJ4IjtzOjE2OiJxQ1RnNFlRajk3dDlMc3Z6Ijt9pWNYHD8AAAA
1-к. квартира,33 м²,9 580 000₽,290303²,"Наличная ул., 45к1",Приморская,6–10 мин.,3 дня назад,https://www.avito.ru/sankt-peterburg/kvartiry/1-k._kvartira_33_m_49_et._7973704965?context=H4sIAAAAAAAA_wE_AMD_YToyOntzOjEzOiJsb2NhbFByaW9yaXR5IjtiOjA7czoxOiJ4IjtzOjE2OiJxQ1RnNFlRajk3dDlMc3Z6Ijt9pWNYHD8AAAA
1-к. квартира,37,10 500 000₽,280000²,"Российский пр-т, 8",Проспект Большевиков,11–15 мин.,3 дня назад,https://www.avito.ru/sankt-peterburg/kvartiry/1-k._kvartira_375_m_1520_et._7928047545?context=H4sIAAAAAAAA_wE_AMD_YToyOntzOjEzOiJsb2NhbFByaW9yaXR5IjtiOjA7czoxOiJ4IjtzOjE2OiJxQ1RnNFlRajk3dDlMc3Z6Ijt9pWNYHD8AAAA
Квартира-студия,16 м²,3 990 000₽,249375²,"Садовая ул., 105",Балтийская,21–30 мин.,24 декабря 2025,https://www.avito.ru/sankt-peterburg/kvartiry/kvartira-studiya_16_m_34_et._7903708080?context=H4sIAAAAAAAA_wE_AMD_YToyOntzOjEzOiJsb2NhbFByaW9yaXR5IjtiOjA7czoxOiJ4IjtzOjE2OiJxQ1RnNFlRajk3dDlMc3Z6Ijt9pWNYHD8AAAA
1-к. квартира,29,6 280 000₽,214334²,"пр-т Славы, 37",Проспект Славы,до 5 мин.,3 дня назад,https://www.avito.ru/sankt-peterburg/kvartiry/1-k._kvartira_293_m_39_et._7961093632?context=H4sIAAAAAAAA_wE_AMD_YToyOntzOjEzOiJsb2NhbFByaW9yaXR5IjtiOjA7czoxOiJ4IjtzOjE2OiJxQ1RnNFlRajk3dDlMc3Z6Ijt9pWNYHD8AAAA
Апартаменты-студия,27,6 000 000₽,217391²,"ул. Хошимина, 16",Проспект Просвещения,6–10 мин.,3 дня назад,https://www.avito.ru/sankt-peterburg/kvartiry/apartamenty-studiya_276_m_1516_et._7932779084?context=H4sIAAAAAAAA_wE_AMD_YToyOntzOjEzOiJsb2NhbFByaW9yaXR5IjtiOjA7czoxOiJ4IjtzOjE2OiJxQ1RnNFlRajk3dDlMc3Z6Ijt9pWNYHD8AAAA
Квартира-студия,30 м²,5 750 000₽,191667²,"Садовая ул., 32/1",Сенная площадь,до 5 мин.,26 января 20:53,https://www.avito.ru/sankt-peterburg/kvartiry/kvartira-studiya_30_m_46_et._7906561431?context=H4sIAAAAAAAA_wE_AMD_YToyOntzOjEzOiJsb2NhbFByaW9yaXR5IjtiOjA7czoxOiJ4IjtzOjE2OiJxQ1RnNFlRajk3dDlMc3Z6Ijt9pWNYHD8AAAA
1-к. квартира,36 м²,5 800 000₽,161111²,"пос. Парголово, Тихоокеанская ул., 1к1",,,2 декабря 2025,https://www.avito.ru/sankt-peterburg/kvartiry/1-k._kvartira_36_m_1025_et._7817505059?context=H4sIAAAAAAAA_wE_AMD_YToyOntzOjEzOiJsb2NhbFByaW9yaXR5IjtiOjA7czoxOiJ4IjtzOjE2OiJxQ1RnNFlRajk3dDlMc3Z6Ijt9pWNYHD8AAAA
Квартира-студия,13 м²,3 180 000₽,244615²,"Оборонная ул., 29",Нарвская,11–15 мин.,Вчера,https://www.avito.ru/sankt-peterburg/kvartiry/kvartira-studiya_13_m_12_et._7932680676?context=H4sIAAAAAAAA_wE_AMD_YToyOntzOjEzOiJsb2NhbFByaW9yaXR5IjtiOjA7czoxOiJ4IjtzOjE2OiJxQ1RnNFlRajk3dDlMc3Z6Ijt9pWNYHD8AAAA
1-к. квартира,32,6 500 000₽,198777²,"Бассейная ул., 3",Парк Победы,16–20 мин.,3 дня назад,https://www.avito.ru/sankt-peterburg/kvartiry/1-k._kvartira_327_m_35_et._7930185248?context=H4sIAAAAAAAA_wE_AMD_YToyOntzOjEzOiJsb2NhbFByaW9yaXR5IjtiOjA7czoxOiJ4IjtzOjE2OiJxQ1RnNFlRajk3dDlMc3Z6Ijt9pWNYHD8AAAA
2-к. квартира,50 м²,12 450 000₽,249000²,"Орбитальная ул., 5",,,26 августа 2025,https://www.avito.ru/sankt-peterburg/kvartiry/2-k._kvartira_50_m_55_et._7559701007?context=H4sIAAAAAAAA_wE_AMD_YToyOntzOjEzOiJsb2NhbFByaW9yaXR5IjtiOjA7czoxOiJ4IjtzOjE2OiJxQ1RnNFlRajk3dDlMc3Z6Ijt9pWNYHD8AAAA
1-к. квартира,32 м²,8 875 000₽,277344²,"пр-т Маршала Жукова, 26/16",Юго-Западная,до 5 мин.,3 недели назад,https://www.avito.ru/sankt-peterburg/kvartiry/1-k._kvartira_32_m_89_et._7969357195?context=H4sIAAAAAAAA_wE_AMD_YToyOntzOjEzOiJsb2NhbFByaW9yaXR5IjtiOjA7czoxOiJ4IjtzOjE2OiJxQ1RnNFlRajk3dDlMc3Z6Ijt9pWNYHD8AAAA
4-к. квартира,95,14 200 000₽,149317²,"Шлиссельбургский пр-т, 14к1",Рыбацкое,11–15 мин.,27 ноября 2023,https://www.avito.ru/sankt-peterburg/kvartiry/4-k._kvartira_951_m_412_et._3544814291?context=H4sIAAAAAAAA_wE_AMD_YToyOntzOjEzOiJsb2NhbFByaW9yaXR5IjtiOjA7czoxOiJ4IjtzOjE2OiJxQ1RnNFlRajk3dDlMc3Z6Ijt9pWNYHD8AAAA
1-к. квартира,34,7 500 000₽,218659²,"пос. Парголово, Толубеевский пр., 14к1",Парнас,16–20 мин.,Вчера,https://www.avito.ru/sankt-peterburg/kvartiry/1-k._kvartira_343_m_2527_et._7977672712?context=H4sIAAAAAAAA_wE_AMD_YToyOntzOjEzOiJsb2NhbFByaW9yaXR5IjtiOjA7czoxOiJ4IjtzOjE2OiJxQ1RnNFlRajk3dDlMc3Z6Ijt9pWNYHD8AAAA
1-к. квартира,29 м²,5 799 900₽,199997²,"ул. Евдокима Огнева, 10к1",Улица Дыбенко,16–20 мин.,3 дня назад,https://www.avito.ru/sankt-peterburg/kvartiry/1-k._kvartira_29_m_45_et._7890288847?context=H4sIAAAAAAAA_wE_AMD_YToyOntzOjEzOiJsb2NhbFByaW9yaXR5IjtiOjA7czoxOiJ4IjtzOjE2OiJxQ1RnNFlRajk3dDlMc3Z6Ijt9pWNYHD8AAAA
Квартира-студия,29,5 200 000₽,177474²,"Русановская ул., 18к8",Обухово,от 31 мин.,8 февраля 2025,https://www.avito.ru/sankt-peterburg/kvartiry/kvartira-studiya_293_m_1624_et._4637075203?context=H4sIAAAAAAAA_wE_AMD_YToyOntzOjEzOiJsb2NhbFByaW9yaXR5IjtiOjA7czoxOiJ4IjtzOjE2OiJxQ1RnNFlRajk3dDlMc3Z6Ijt9pWNYHD8AAAA
2-к. квартира,51 м²,12 500 000₽,245098²,"ул. Ушинского, 31",Гражданский проспект,6–10 мин.,3 дня назад,https://www.avito.ru/sankt-peterburg/kvartiry/2-k._kvartira_51_m_59_et._8045891535?context=H4sIAAAAAAAA_wE_AMD_YToyOntzOjEzOiJsb2NhbFByaW9yaXR5IjtiOjA7czoxOiJ4IjtzOjE2OiJxQ1RnNFlRajk3dDlMc3Z6Ijt9pWNYHD8AAAA
1-к. квартира,41 м²,6 700 000₽,163415²,"д. Новосаратовка, ул. Первых, 4к3",Рыбацкое,от 31 мин.,3 дня назад,https://www.avito.ru/sankt-peterburg/kvartiry/1-k._kvartira_41_m_922_et._7889630125?context=H4sIAAAAAAAA_wE_AMD_YToyOntzOjEzOiJsb2NhbFByaW9yaXR5IjtiOjA7czoxOiJ4IjtzOjE2OiJxQ1RnNFlRajk3dDlMc3Z6Ijt9pWNYHD8AAAA
2-к. квартира,54,11 750 000₽,215201²,"Пулковское ш., 13к4",Московская,21–30 мин.,3 дня назад,https://www.avito.ru/sankt-peterburg/kvartiry/2-k._kvartira_546_m_312_et._7968761140?context=H4sIAAAAAAAA_wE_AMD_YToyOntzOjEzOiJsb2NhbFByaW9yaXR5IjtiOjA7czoxOiJ4IjtzOjE2OiJxQ1RnNFlRajk3dDlMc3Z6Ijt9pWNYHD8AAAA
2-к. квартира,45,6 700 000₽,146608²,"ул. Буренина, 6",,,1 неделю назад,https://www.avito.ru/sankt-peterburg/kvartiry/2-k._kvartira_457_m_25_et._8013720142?context=H4sIAAAAAAAA_wE_AMD_YToyOntzOjEzOiJsb2NhbFByaW9yaXR5IjtiOjA7czoxOiJ4IjtzOjE2OiJxQ1RnNFlRajk3dDlMc3Z6Ijt9pWNYHD8AAAA
2-к. квартира,45 м²,6 900 000₽,153333²,"ул. Бабушкина, 89к3",Ломоносовская,6–10 мин.,3 дня назад,https://www.avito.ru/sankt-peterburg/kvartiry/2-k._kvartira_45_m_25_et._7990085641?context=H4sIAAAAAAAA_wE_AMD_YToyOntzOjEzOiJsb2NhbFByaW9yaXR5IjtiOjA7czoxOiJ4IjtzOjE2OiJxQ1RnNFlRajk3dDlMc3Z6Ijt9pWNYHD8AAAA
2-к. квартира,51,9 000 000₽,174757²,"пр-т Солидарности, 7к1",Проспект Большевиков,11–15 мин.,3 дня назад,https://www.avito.ru/sankt-peterburg/kvartiry/2-k._kvartira_515_m_89_et._7890283760?context=H4sIAAAAAAAA_wE_AMD_YToyOntzOjEzOiJsb2NhbFByaW9yaXR5IjtiOjA7czoxOiJ4IjtzOjE2OiJxQ1RnNFlRajk3dDlMc3Z6Ijt9pWNYHD8AAAA
Квартира-студия,27 м²,6 200 000₽,229630²,"Арцеуловская аллея, 15",,,3 дня назад,https://www.avito.ru/sankt-peterburg/kvartiry/kvartira-studiya_27_m_118_et._7884118706?context=H4sIAAAAAAAA_wE_AMD_YToyOntzOjEzOiJsb2NhbFByaW9yaXR5IjtiOjA7czoxOiJ4IjtzOjE2OiJxQ1RnNFlRajk3dDlMc3Z6Ijt9pWNYHD8AAAA
